Timestamp,fav_alcohol,parties_per_month,smoke,weed,introvert_extrovert,love_first_sight,learning_style,left_right_brained,personality_type,social_media,num_insta_followers,streaming_platforms,expected_marriage_age,expected_starting_salary,fav_sport,minutes_ex_per_week,sleep_hours_per_day,how_happy,farthest_distance_travelled,fav_number,fav_letter,internet_hours_per_day,only_child,birthdate_odd_even,birth_month,fav_season,living_location_on_campus,major,num_majors_minors,high_school_GPA,NU_GPA,age,height,height_father,height_mother,school_year,procrastinator,num_clubs,student_athlete,AP_stats,used_python_before,dominant_hand,childhood_in_US,gender,region_of_residence,political_affliation,cant_change_math_ability,can_change_math_ability,math_is_genetic,much_effort_is_lack_of_talent
2022/09/13 1:43:34 pm GMT-5,I don't drink,1,No,Occasionally,Introvert,0,Visual (learn best through images or graphic organizers),"Left-brained (logic, science, critical thinking, numbers)",INFJ,Instagram;Snapchat;TikTok,1040,Netflix;Hulu;Amazon Prime;HBO Max;Disney+,24,80000,Basketball,240,5,Pretty happy,7000,7,A,7,0,Odd,September,Fall,South campus,Math / Statistics / Computer Science,2,,,19,,,,Sophomore,1,4,0,0,1,Right,1,Female,Northeast,Democrat,0,1,0,0
2022/09/13 5:28:17 pm GMT-5,Hard liquor/Mixed drink,3,No,Occasionally,Extrovert,0,Visual (learn best through images or graphic organizers),"Left-brained (logic, science, critical thinking, numbers)",ESFJ,Instagram;Twitter;Snapchat;TikTok,1100,"HBO Max;Disney+;Paramount Plus, Peacock",30,80000,Tennis,180,7,Very happy,7000,5,A,8,0,Odd,May,Fall,North campus,Humanities / Communications;Math / Statistics / Computer Science,2,,3.415,19,65,,60,Sophomore,1,2,0,1,1,Right,1,Male,West,Democrat,0,1,0,0
2022/09/13 7:56:38 pm GMT-5,Hard liquor/Mixed drink,3,No,Yes,Introvert,0,Kinesthetic (learn best through figuring out hands-on problems),"Left-brained (logic, science, critical thinking, numbers)",ISTJ,Instagram;Snapchat;TikTok,700,Netflix,28,110000,Swimming,60,10,Pretty happy,8000,12,M,6,0,Odd,January,Summer,North campus,Physical Sciences / Natural Sciences / Engineering,3,,3.627,20,64,66,64,Sophomore,1,2,0,0,0,Right,0,Female,International,No affiliation,0,1,0,0
2022/09/13 10:34:37 pm GMT-5,Hard liquor/Mixed drink,12,No,No,Extrovert,0,Visual (learn best through images or graphic organizers),"Left-brained (logic, science, critical thinking, numbers)",ENFJ,Instagram;Twitter;Snapchat;TikTok,2000,Netflix;Hulu;Disney+,29,100000,football,300,7,Pretty happy,6600,19,D,7,0,Odd,May,Summer,South campus,Math / Statistics / Computer Science,3,,3.485,19,65,71,69,Sophomore,0,1,0,1,0,Right,1,Female,Southeast,Democrat,0,1,0,0
2022/09/14 4:46:19 pm GMT-5,I don't drink,1,No,No,Extrovert,1,Reading/Writing (learn best through words often note-taking or reading),"Right-brained (creative, art, imaginative, intuitive)",ENTJ,Facebook;Instagram;TikTok,500,Netflix;Amazon Prime;HBO Max,30,60000,Swimming,0,7,Pretty happy,3602,7,S,5,0,Even,May,Spring,Neither,Humanities / Communications;Math / Statistics / Computer Science,2,3.9,3.8,20,65,68,60,Junior,1,2,0,0,0,Right,1,Female,Northeast,Democrat,1,0,0,0
2022/09/14 10:05:24 pm GMT-5,Hard liquor/Mixed drink,2,No,Occasionally,Extrovert,1,Kinesthetic (learn best through figuring out hands-on problems),"Left-brained (logic, science, critical thinking, numbers)",ENFP,Facebook;Instagram;Twitter;Snapchat;TikTok,270,Netflix;Hulu;Amazon Prime;HBO Max;Disney+,27,75000,Volleyball,360,7,Pretty happy,3603,2307,A,6,0,Odd,March,Fall,North campus,Social Sciences / Education;Math / Statistics / Computer Science,3,3.99,3,20,70,65,60,Junior,1,2,0,1,1,Right,1,Male,International,Democrat,0,1,0,0
2022/09/15 1:17:10 am GMT-5,Hard liquor/Mixed drink,2,No,Occasionally,Introvert,1,Kinesthetic (learn best through figuring out hands-on problems),"Left-brained (logic, science, critical thinking, numbers)",INFJ,Instagram;Twitter;Snapchat;TikTok,1557,Netflix;Hulu,26,80000,Swimming,60,7,Pretty happy,8338,69,k,8,0,Odd,February,Fall,Neither,Social Sciences / Education;Math / Statistics / Computer Science,3,4.3,3.8,20,69,67,64,Junior,1,4,0,1,1,Right,1,Male,Midwest,Democrat,0,1,0,0
2022/09/15 2:37:56 am GMT-5,I don't drink,0,No,No,Introvert,0,Visual (learn best through images or graphic organizers),"Left-brained (logic, science, critical thinking, numbers)",INFJ,Instagram,500,None,28,40000,Figure skating,140,7,Very happy,2700,2,a,4,0,Even,January,Fall,North campus,Physical Sciences / Natural Sciences / Engineering;Math / Statistics / Computer Science,4,4.34,3.9,20,65,,,Junior,1,7,0,1,1,Right,1,Female,Midwest,Democrat,1,0,0,0
2022/09/15 9:08:26 am GMT-5,I don't drink,1,No,No,Extrovert,0,Kinesthetic (learn best through figuring out hands-on problems),"Right-brained (creative, art, imaginative, intuitive)",ENTP,TikTok,100,Amazon Prime,30,130000,Yoga,60,8,Pretty happy,6585,7,E,8,0,Odd,May,Spring,Neither,Social Sciences / Education;Math / Statistics / Computer Science,3,3.93,3.87,20,63,,,Junior,1,3,0,1,1,Right,0,Female,International,No affiliation,1,0,1,1
2022/09/15 12:40:41 pm GMT-5,I don't drink,1,No,No,Introvert,0,Reading/Writing (learn best through words often note-taking or reading),"Left-brained (logic, science, critical thinking, numbers)",ISFJ,Facebook;Instagram,800,Netflix;Hulu;Amazon Prime,26,90000,swimming ,0,8,Not too happy,,2,z,8,0,Odd,January,Summer,Neither,Math / Statistics / Computer Science,1,3.92,,20,,,62,Junior,1,0,0,1,1,Right,0,Female,Midwest,Democrat,0,1,1,1
2022/09/15 1:39:05 pm GMT-5,Wine,1,No,No,Introvert,0,Auditory (learn best through listening/speaking),"Left-brained (logic, science, critical thinking, numbers)",INTJ,Facebook;Instagram,420,Amazon Prime,28,36000,I don't have one,150,7,Pretty happy,7700,17,A,4,0,Odd,February,Summer,South campus,Physical Sciences / Natural Sciences / Engineering;Math / Statistics / Computer Science,3,4,3.9,20,64,,,Sophomore,0,3,0,0,1,Right,0,Female,International,No affiliation,0,1,0,0
2022/09/15 5:33:44 pm GMT-5,Hard liquor/Mixed drink,1,No,No,Extrovert,1,Visual (learn best through images or graphic organizers),"Right-brained (creative, art, imaginative, intuitive)",ENFP,"Instagram;Snapchat;BeReal, Yik Yak",800,Netflix,30,55000,Rowing,60,7,Pretty happy,1200,420,Z,5,0,Even,April,Spring,North campus,Math / Statistics / Computer Science,2,3.8,3.3,21,69,68,,Senior,1,5,0,1,1,Right,0,Male,West,Independent,0,1,0,0
2022/09/15 7:39:07 pm GMT-5,Hard liquor/Mixed drink,4,No,No,Extrovert,0,Visual (learn best through images or graphic organizers),"Left-brained (logic, science, critical thinking, numbers)",ESTJ,Facebook;Instagram;Twitter;Snapchat,800,Netflix,30,75000,Dance,0,7,Pretty happy,9000,12,A,3,0,Odd,January,Fall,North campus,Physical Sciences / Natural Sciences / Engineering;Math / Statistics / Computer Science,2,4.12,3.83,19,68,65,63,Sophomore,0,2,0,1,1,Right,0,Female,International,No affiliation,0,1,0,0
2022/09/16 8:38:33 am GMT-5,I don't drink,1,No,No,Introvert,0,Kinesthetic (learn best through figuring out hands-on problems),"Left-brained (logic, science, critical thinking, numbers)",INTJ,Instagram;Snapchat,950,Netflix,30,60000,Badminton,6,8,Pretty happy,8614,7,N,3,1,Odd,April,Summer,South campus,Social Sciences / Education,3,4.58,3.975,19,63.8,70.5,63,Sophomore,0,2,0,0,1,Right,0,Female,International,No affiliation,0,1,0,0
2022/09/16 9:11:17 am GMT-5,I don't drink,6,No,No,Introvert,0,Kinesthetic (learn best through figuring out hands-on problems),"Left-brained (logic, science, critical thinking, numbers)",ISTP,Snapchat;youtube,300,none,,60000,don't have one,60,7,Not too happy,6500,12,k,10,0,Odd,May,Fall,North campus,Math / Statistics / Computer Science,2,3.95,3.8,19,70,67,60,Sophomore,1,2,0,1,1,Right,1,Male,Midwest,No affiliation,0,1,0,1
2022/09/16 10:20:05 am GMT-5,Hard liquor/Mixed drink,2,No,No,Introvert,1,Kinesthetic (learn best through figuring out hands-on problems),"Left-brained (logic, science, critical thinking, numbers)",INTJ,Instagram;Snapchat,501,Netflix;Amazon Prime,30,100000,Volleyball,300,8,Pretty happy,4200,45,T,6,0,Even,October,Fall,Neither,Math / Statistics / Computer Science,3,3.9,3.86,20,76,74,68,Junior,1,2,0,0,1,Right,1,Male,Midwest,Democrat,0,1,0,0
2022/09/16 12:42:16 pm GMT-5,Hard liquor/Mixed drink,10,No,No,Introvert,0,Reading/Writing (learn best through words often note-taking or reading),"Left-brained (logic, science, critical thinking, numbers)",INFP,Facebook;Instagram;Twitter;Snapchat;TikTok,1100,Netflix;Hulu;Amazon Prime;HBO Max;Disney+,25,60000,football,90,7,Pretty happy,,16,C,5,0,Even,January,Spring,North campus,Humanities / Communications;Physical Sciences / Natural Sciences / Engineering,3,4.5,3.8,20,64,68,62,Junior,1,3,0,1,0,Right,1,Female,Southeast,Democrat,0,1,0,0
2022/09/16 6:23:28 pm GMT-5,I don't drink,1,No,No,Introvert,1,Visual (learn best through images or graphic organizers),"Right-brained (creative, art, imaginative, intuitive)",ENTJ,Instagram,1500,Hulu;HBO Max,25,80000,basketball,100,8,Very happy,,7,L,,0,Even,July,Fall,Neither,Humanities / Communications;Social Sciences / Education,4,,3.87,20,64.6,69,63,Junior,0,3,0,0,1,Right,0,Female,International,No affiliation,0,0,0,0
2022/09/16 6:31:05 pm GMT-5,I don't drink,5,No,No,Extrovert,0,Visual (learn best through images or graphic organizers),"Right-brained (creative, art, imaginative, intuitive)",ESTP,Instagram;TikTok,1100,Netflix;Disney+,30,80000,Football,250,6,Pretty happy,3000,26,P,5,0,Even,February,Winter,South campus,Social Sciences / Education,2,,,20,70,67,67,Junior,1,2,0,1,0,Right,1,Male,Northeast,No affiliation,1,0,0,1
2022/09/16 8:54:07 pm GMT-5,Wine,1,Occasionally,No,Introvert,1,Kinesthetic (learn best through figuring out hands-on problems),"Left-brained (logic, science, critical thinking, numbers)",ENTJ,Facebook;Instagram,400,Netflix,28,160000,MMA,240,6,Pretty happy,8206,6,T,6,1,Odd,January,Fall,North campus,Social Sciences / Education;Physical Sciences / Natural Sciences / Engineering,3,3.9,3.8,19,71,66,63,Sophomore,1,4,0,0,1,Left,0,Male,International,No affiliation,0,1,0,1
2022/09/16 11:38:35 pm GMT-5,I don't drink,1,No,No,Introvert,0,Auditory (learn best through listening/speaking),"Left-brained (logic, science, critical thinking, numbers)",INTP,Instagram,450,Netflix;HBO Max,30,50000,Cycling ,300,7,Not too happy,6583,7,X,10,0,Odd,September,Spring,South campus,Humanities / Communications;Math / Statistics / Computer Science,2,,3.94,20,63.78,,,Sophomore,1,1,0,0,1,Right,0,Female,International,No affiliation,1,0,1,0
2022/09/17 10:03:44 am GMT-5,Hard liquor/Mixed drink,1,No,Occasionally,Extrovert,0,Kinesthetic (learn best through figuring out hands-on problems),"Left-brained (logic, science, critical thinking, numbers)",ESFJ,Instagram;Twitter;Snapchat;TikTok,1000,Netflix;Hulu,30,55000,Basketball,630,7,Pretty happy,2000,44,K,5,0,Odd,October,Fall,Neither,Humanities / Communications,2,4,3.8,19,63,67,61,Junior,1,2,0,1,1,Right,1,Female,Midwest,Democrat,0,1,0,0
2022/09/17 10:23:33 am GMT-5,Wine,6,No,No,Introvert,0,Visual (learn best through images or graphic organizers),"Left-brained (logic, science, critical thinking, numbers)",INFJ,Snapchat;TikTok,900,Netflix;Amazon Prime;HBO Max;Disney+,25,50000,gymnastics,420,8,Pretty happy,3324,11,d,4,0,Even,February,Fall,Neither,Physical Sciences / Natural Sciences / Engineering,2,4.34,4,19,62,72,61,Junior,0,1,0,0,1,Right,1,Female,Northeast,Democrat,1,0,1,0
2022/09/17 10:32:59 am GMT-5,Hard liquor/Mixed drink,1,No,Occasionally,Introvert,0,Reading/Writing (learn best through words often note-taking or reading),"Left-brained (logic, science, critical thinking, numbers)",ISTP,Instagram;Snapchat;TikTok,368,Netflix;Disney+,28,100000,pool,50,7,Don't know,8200,4,T,3,0,Even,February,Winter,North campus,Physical Sciences / Natural Sciences / Engineering;Math / Statistics / Computer Science,2,3.93,,19,69,65,64,Sophomore,1,2,0,0,1,Right,1,Male,Northeast,No affiliation,0,1,1,1
2022/09/17 12:54:47 pm GMT-5,Hard liquor/Mixed drink,4,No,Occasionally,Extrovert,1,Kinesthetic (learn best through figuring out hands-on problems),"Right-brained (creative, art, imaginative, intuitive)",ESFP,Facebook;Instagram;Snapchat;TikTok,700,Netflix;Disney+,28,75000,Badminton,0,7,Not too happy,8374,24,A,6,0,Odd,November,Winter,South campus,Social Sciences / Education,2,5,3.6,21,65,67,64,Senior,1,2,0,1,1,Right,1,Female,Midwest,Democrat,1,0,0,1
2022/09/17 2:46:16 pm GMT-5,I don't drink,5,No,No,Introvert,0,Visual (learn best through images or graphic organizers),"Left-brained (logic, science, critical thinking, numbers)",ISTJ,Instagram;Snapchat,1100,Netflix;HBO Max;Disney+,25,60000,Rowing,60,8,Pretty happy,1050,12,M,4,0,Even,September,Fall,South campus,Social Sciences / Education;Math / Statistics / Computer Science,3,3.64,3.62,19,67,71,64,Junior,0,4,0,0,1,Right,1,Female,Midwest,Democrat,0,1,0,0
2022/09/17 3:49:17 pm GMT-5,Hard liquor/Mixed drink,2,Yes,No,Extrovert,1,Reading/Writing (learn best through words often note-taking or reading),"Right-brained (creative, art, imaginative, intuitive)",ENFJ,Instagram,1000,Netflix,25,90000,Skiing,240,8,Very happy,6824,8,W,6,0,Even,August,Spring,Neither,Math / Statistics / Computer Science,2,3.95,3.78,20,66,69,67,Junior,1,3,0,0,1,Right,1,Female,West,Republican,0,1,0,0
2022/09/17 6:28:37 pm GMT-5,Beer,6,No,Occasionally,Introvert,0,Reading/Writing (learn best through words often note-taking or reading),"Left-brained (logic, science, critical thinking, numbers)",INFP,Instagram;Twitter,800,Netflix;Amazon Prime,27,160000,Football,300,8,Not too happy,8400,7,T,6,0,Odd,November,Spring,Neither,Social Sciences / Education;Math / Statistics / Computer Science,3,4.4,3.8,19,65,70,59,Junior,0,2,0,0,0,Right,1,Male,West,Independent,0,0,0,1
2022/09/17 9:35:58 pm GMT-5,I don't drink,0,No,No,Introvert,1,Kinesthetic (learn best through figuring out hands-on problems),"Left-brained (logic, science, critical thinking, numbers)",ESFJ,Facebook;Instagram,350,Netflix;Disney+,28,130000,My bed:),180,8,Pretty happy,7300,7,z,4,0,Even,July,Fall,South campus,Social Sciences / Education;Math / Statistics / Computer Science,3,,4,20,65,69,63,Junior,0,2,0,0,1,Right,0,Female,West,No affiliation,0,1,0,0
2022/09/18 8:49:10 am GMT-5,I don't drink,2,No,No,Introvert,0,Reading/Writing (learn best through words often note-taking or reading),"Left-brained (logic, science, critical thinking, numbers)",INFP,Instagram;Twitter,930,HBO Max;Disney+,30,100000,Boxing,420,7,Pretty happy,7763,3,A,1,0,Odd,April,Fall,South campus,Math / Statistics / Computer Science,2,3.99,3.91,19,72,71,60,Sophomore,0,0,0,1,1,Right,1,Male,Southwest,No affiliation,0,1,0,0
2022/09/18 9:41:25 am GMT-5,Beer,1,No,No,Extrovert,0,Kinesthetic (learn best through figuring out hands-on problems),"Right-brained (creative, art, imaginative, intuitive)",ENFJ,Instagram,1200,Netflix;Amazon Prime,30,,dance,90,6,Not too happy,,9,J,3,0,Odd,January,Summer,South campus,Humanities / Communications;Math / Statistics / Computer Science,3,,4,20,61,,65,Sophomore,0,4,0,0,1,Right,0,Female,International,No affiliation,1,0,1,0
2022/09/18 10:31:04 am GMT-5,Hard liquor/Mixed drink,2,No,No,Introvert,1,Kinesthetic (learn best through figuring out hands-on problems),"Right-brained (creative, art, imaginative, intuitive)",ENFP,Instagram;Twitter,260,"Netflix;Hulu;Amazon Prime;HBO Max;Disney+;Shudder, Apple TV+",35,70000,Cricket,8,6,Pretty happy,7500,47,k,5,1,Even,July,Fall,Neither,Physical Sciences / Natural Sciences / Engineering;Math / Statistics / Computer Science,3,3.8,3.4,21,70,65,60,Senior,1,7,0,1,1,Right,0,Male,International,Democrat,0,1,0,0
2022/09/18 12:55:12 pm GMT-5,Hard liquor/Mixed drink,1,No,No,Introvert,0,Reading/Writing (learn best through words often note-taking or reading),"Left-brained (logic, science, critical thinking, numbers)",INTP,Instagram;Twitter;TikTok,300,Netflix;Amazon Prime;HBO Max;Disney+,26,100000,Soccer,180,6,Pretty happy,8050,3,A,4,0,Even,March,Fall,South campus,Social Sciences / Education;Math / Statistics / Computer Science,2,,3.87,19,62.5,70,63.5,Sophomore,1,2,0,0,0,Right,0,Female,International,Democrat,0,0,0,1
2022/09/18 2:03:36 pm GMT-5,Hard liquor/Mixed drink,6,No,Yes,Extrovert,0,Visual (learn best through images or graphic organizers),"Left-brained (logic, science, critical thinking, numbers)",ENFJ,Instagram;Snapchat;TikTok,1100,Netflix;Hulu;Amazon Prime;HBO Max;Disney+,28,150000,Softball,15,8,Pretty happy,8000,10,K?,5,0,Even,June,Fall,Neither,Social Sciences / Education,2,4.3,3.93,20,67,66,66,Junior,0,3,0,0,1,Left,1,Female,West,Democrat,0,1,0,1
2022/09/18 2:03:44 pm GMT-5,I don't drink,0,No,No,Introvert,0,Reading/Writing (learn best through words often note-taking or reading),"Right-brained (creative, art, imaginative, intuitive)",INFJ,Snapchat,300,Netflix;Hulu;Amazon Prime,27,70000,Basketball,,8,Pretty happy,,22,J,,0,Even,January,Spring,North campus,Math / Statistics / Computer Science,2,4.08,4.1,19,72,68,65,Sophomore,1,2,0,0,1,Right,1,Male,Midwest,Republican,1,1,0,1
2022/09/18 5:30:03 pm GMT-5,I don't drink,2,No,No,Introvert,1,Reading/Writing (learn best through words often note-taking or reading),"Left-brained (logic, science, critical thinking, numbers)",INTJ,Instagram;Twitter;Snapchat;TikTok,700,Hulu;Amazon Prime,27,100000,Football,150,7,Pretty happy,7900,22,S,5,0,Even,February,Fall,Neither,Physical Sciences / Natural Sciences / Engineering;Math / Statistics / Computer Science,3,,3.65,20,74,73,67,Junior,1,3,0,1,1,Right,1,Male,Northeast,No affiliation,0,0,1,1
2022/09/18 9:08:01 pm GMT-5,Hard liquor/Mixed drink,1,No,Occasionally,Introvert,0,Reading/Writing (learn best through words often note-taking or reading),"Left-brained (logic, science, critical thinking, numbers)",ISTJ,Instagram;Snapchat,700,Netflix;Hulu,30,70000,tennis,180,6,Pretty happy,,8,S,2,0,Even,August,Winter,South campus,Social Sciences / Education,3,,3.8,21,65,71,64,Senior,1,3,0,1,1,Right,1,Female,Southeast,Democrat,0,1,0,0
2022/09/18 9:32:14 pm GMT-5,Hard liquor/Mixed drink,4,No,No,Extrovert,0,Kinesthetic (learn best through figuring out hands-on problems),"Left-brained (logic, science, critical thinking, numbers)",ENTJ,Instagram,1636,Netflix;Hulu;Amazon Prime;HBO Max;Disney+,25,75000,Volleyball,240,7,Pretty happy,1272,10,R,3,0,Even,May,Fall,South campus,Math / Statistics / Computer Science,3,4.98,,19,,,,Sophomore,1,6,0,1,1,Right,0,Female,Southwest,Democrat,0,1,0,0
2022/09/18 9:41:16 pm GMT-5,I don't drink,0,No,No,Introvert,1,Visual (learn best through images or graphic organizers),"Left-brained (logic, science, critical thinking, numbers)",ISFJ,Facebook;Instagram,850,Netflix,30,70000,Formula One,60,8,Pretty happy,8700,2,c,4,0,Odd,January,Fall,South campus,Math / Statistics / Computer Science,2,,3.9,20,65,70,61,Junior,1,2,0,0,1,Left,0,Female,International,No affiliation,1,0,0,0
2022/09/18 10:24:50 pm GMT-5,Hard liquor/Mixed drink,5,No,No,Introvert,1,Visual (learn best through images or graphic organizers),"Left-brained (logic, science, critical thinking, numbers)",INTJ,Instagram;Twitter;Snapchat;TikTok,1147,Netflix;Hulu;Amazon Prime;HBO Max;Disney+,26,110000,Baseball,1200,7,Not too happy,4189,31,C,6,1,Odd,January,Fall,North campus,Math / Statistics / Computer Science,2,6.6,3.7,19,80,79,64,Sophomore,1,1,1,1,1,Right,1,Male,Midwest,Democrat,0,1,0,1
2022/09/19 12:11:40 am GMT-5,Hard liquor/Mixed drink,7,No,No,Introvert,0,Auditory (learn best through listening/speaking),"Left-brained (logic, science, critical thinking, numbers)",Unknown,Instagram;TikTok,1150,Netflix;Hulu,32,85000,Volleyball,210,7,Pretty happy,5935,7,Z,7.5,0,Even,January,Fall,South campus,Math / Statistics / Computer Science,2,4,3.855,19,64,74,62,Sophomore,1,1,0,0,0,Right,1,Female,Midwest,Democrat,0,1,0,0
2022/09/19 11:36:04 am GMT-5,Beer,6,No,Yes,Introvert,0,Visual (learn best through images or graphic organizers),"Left-brained (logic, science, critical thinking, numbers)",INTJ,Instagram;Twitter;Snapchat;TikTok,900,Netflix;Hulu;HBO Max;Disney+,27,100000,Basketball,360,8,Pretty happy,4500,4,J,8,0,Even,October,Winter,North campus,Math / Statistics / Computer Science,1,3.8,3.8,19,66,69,62,Sophomore,0,1,0,1,1,Right,1,Male,Midwest,No affiliation,1,0,1,0
2022/09/19 11:42:44 am GMT-5,Beer,6,Occasionally,Occasionally,Introvert,1,Kinesthetic (learn best through figuring out hands-on problems),"Left-brained (logic, science, critical thinking, numbers)",ISTJ,Facebook;Instagram;Snapchat,1400,Netflix;Hulu;Amazon Prime,26,200000,Swimming,720,9,Pretty happy,4300,7,T,4,0,Even,October,Winter,North campus,Math / Statistics / Computer Science,4,4.8,3.9,19,79,72,68,Sophomore,0,4,0,0,1,Right,1,Male,West,Democrat,0,1,0,0
2022/09/19 12:01:27 pm GMT-5,Wine,9,No,Occasionally,Extrovert,0,Auditory (learn best through listening/speaking),"Right-brained (creative, art, imaginative, intuitive)",ENTJ,Instagram;Snapchat;TikTok,2587,Netflix;Hulu;Amazon Prime,27,100000,Hockey,240,7,Pretty happy,708,3,E,4,0,Odd,April,Fall,South campus,Humanities / Communications;Social Sciences / Education,3,3.97,3.81,19,62,70,64,Sophomore,0,3,0,0,1,Both,1,Female,Southeast,Independent,1,0,0,1
2022/09/19 12:17:36 pm GMT-5,Hard liquor/Mixed drink,8,No,Occasionally,Extrovert,0,Kinesthetic (learn best through figuring out hands-on problems),"Left-brained (logic, science, critical thinking, numbers)",ENTJ,Instagram;Snapchat;TikTok,1400,Netflix;Amazon Prime,26,100000,Hockey,360,8,Pretty happy,4800,19,K,8,0,Odd,February,Fall,North campus,Social Sciences / Education,2,4.97,3.78,19,76,73,63,Sophomore,1,3,0,1,1,Right,1,Male,Midwest,Independent,1,0,0,0
2022/09/19 1:14:52 pm GMT-5,Beer,2,No,No,Introvert,1,Reading/Writing (learn best through words often note-taking or reading),"Left-brained (logic, science, critical thinking, numbers)",INTJ,Instagram;Snapchat,425,Netflix;Hulu;Amazon Prime;HBO Max;Disney+,28,75000,soccer,240,8,Very happy,2130,3,C,5,0,Odd,August,Spring,North campus,Humanities / Communications;Math / Statistics / Computer Science,2,,3.75,19,69,68,64,Sophomore,0,2,0,0,1,Right,1,Male,Northeast,Democrat,0,1,0,0
2022/09/19 1:38:18 pm GMT-5,Hard liquor/Mixed drink,6,No,Yes,Introvert,0,Kinesthetic (learn best through figuring out hands-on problems),"Left-brained (logic, science, critical thinking, numbers)",ENTJ,Twitter,,Netflix;Amazon Prime;HBO Max,37,50000,Golf,250,8,Pretty happy,8000,69,P,8,0,Odd,November,Fall,North campus,Physical Sciences / Natural Sciences / Engineering;Math / Statistics / Computer Science,2,3.7,3.28,20,66,64,63,Junior,1,3,0,0,1,Right,1,Male,Midwest,Independent,0,1,0,0
2022/09/19 1:38:42 pm GMT-5,Wine,6,No,Occasionally,Introvert,0,Kinesthetic (learn best through figuring out hands-on problems),"Left-brained (logic, science, critical thinking, numbers)",INFJ,Facebook;Instagram;Snapchat,2000,Netflix;Hulu;Amazon Prime;HBO Max;Disney+,28,80000,Soccer,180,7,Not too happy,4500,8,T,6,0,Even,January,Fall,South campus,Humanities / Communications;Math / Statistics / Computer Science,3,4.7,3.8,20,64,70,64,Junior,1,4,0,0,1,Right,1,Female,Midwest,Democrat,0,1,0,0
2022/09/19 2:26:30 pm GMT-5,Hard liquor/Mixed drink,10,No,No,Introvert,1,Visual (learn best through images or graphic organizers),"Left-brained (logic, science, critical thinking, numbers)",INFP,Instagram;TikTok,750,Netflix;Hulu;Amazon Prime,28,60000,Badminton,600,8,Not too happy,7500,5,m,5,0,Odd,March,Winter,Neither,Physical Sciences / Natural Sciences / Engineering,2,3.9,3.3,20,63,70,64,Junior,1,2,0,1,1,Right,1,Female,Midwest,Democrat,0,1,0,1
2022/09/19 2:32:26 pm GMT-5,I don't drink,12,No,Occasionally,Introvert,0,Reading/Writing (learn best through words often note-taking or reading),"Left-brained (logic, science, critical thinking, numbers)",INFP,Instagram;Snapchat;TikTok,1500,Netflix;Hulu;HBO Max,28,100000,Volleyball,120,7,Pretty happy,7403,7,A,7,0,Even,July,Fall,North campus,Social Sciences / Education;Math / Statistics / Computer Science,3,3.7,3.82,19,66,70,62,Sophomore,1,4,0,1,0,Right,1,Female,Northeast,Democrat,0,1,0,0
2022/09/19 2:38:15 pm GMT-5,I don't drink,0,No,No,Introvert,0,Visual (learn best through images or graphic organizers),"Left-brained (logic, science, critical thinking, numbers)",INTJ,Instagram;Snapchat,858,Netflix,35,75000,Football (American),,8,Don't know,2600,3,W,5,0,Even,July,Fall,North campus,Social Sciences / Education;Math / Statistics / Computer Science,4,,3.83,21,75,75,68,Junior,0,2,0,0,1,Right,1,Male,Midwest,Democrat,0,1,0,1
2022/09/19 2:39:04 pm GMT-5,Hard liquor/Mixed drink,6,No,Occasionally,Introvert,0,Reading/Writing (learn best through words often note-taking or reading),"Left-brained (logic, science, critical thinking, numbers)",INTJ,Instagram;Snapchat,1600,Netflix,28,110000,baseball,360,7,Pretty happy,7620,16,C,4,0,Even,January,Winter,Neither,Math / Statistics / Computer Science,2,4.625,3.86,20,64,67,60,Junior,0,5,0,0,1,Right,1,Female,Midwest,Democrat,0,0,0,0
2022/09/19 4:32:32 pm GMT-5,Hard liquor/Mixed drink,6,No,Occasionally,Extrovert,0,Auditory (learn best through listening/speaking),"Left-brained (logic, science, critical thinking, numbers)",ESFJ,Instagram;Snapchat;TikTok,1270,Netflix;Hulu;Amazon Prime;HBO Max,27,100000,Tennis,120,7,Pretty happy,7672,21,A,5,0,Odd,September,Summer,South campus,Math / Statistics / Computer Science,2,3.96,,20,66,69,65,Sophomore,1,3,0,0,1,Right,1,Female,West,Democrat,0,1,0,0
2022/09/19 4:43:47 pm GMT-5,Hard liquor/Mixed drink,55,No,Yes,Extrovert,1,Kinesthetic (learn best through figuring out hands-on problems),"Left-brained (logic, science, critical thinking, numbers)",ESTJ,Facebook;Instagram;Twitter;Snapchat;TikTok,1311,Netflix;Hulu;Amazon Prime;HBO Max,28,100000,Skiing,20,6,Pretty happy,3829,7,A,4,0,Odd,February,Summer,Neither,Social Sciences / Education;Math / Statistics / Computer Science,2,97,3.6,20,64,71,59,Junior,0,2,0,1,1,Right,1,Female,Northeast,Democrat,0,1,0,0
2022/09/19 4:45:46 pm GMT-5,I don't drink,3,No,Occasionally,Introvert,0,Reading/Writing (learn best through words often note-taking or reading),"Left-brained (logic, science, critical thinking, numbers)",Unknown,Instagram;Twitter;Snapchat;TikTok,700,Netflix;Amazon Prime,26,65000,Basketball,250,7,Pretty happy,,11,H,3,0,Even,September,Fall,North campus,Social Sciences / Education;Math / Statistics / Computer Science,2,3.9,3.6,18,69,63,63,Sophomore,1,3,0,1,1,Right,1,Male,Southeast,Democrat,0,1,0,0
2022/09/19 5:21:39 pm GMT-5,Hard liquor/Mixed drink,2,No,No,Introvert,0,Kinesthetic (learn best through figuring out hands-on problems),"Left-brained (logic, science, critical thinking, numbers)",ISTJ,Instagram;Twitter,630,Netflix,28,40000,Tennis,60,7,Don't know,10500,8,H,5,1,Even,January,Fall,Neither,Physical Sciences / Natural Sciences / Engineering;Math / Statistics / Computer Science,2,,3.966,21,60,65,60,Senior,0,1,0,0,0,Right,1,Female,Northeast,Democrat,0,0,0,0
2022/09/19 5:40:32 pm GMT-5,I don't drink,0,No,No,Introvert,0,Kinesthetic (learn best through figuring out hands-on problems),"Left-brained (logic, science, critical thinking, numbers)",ISFP,Facebook;Instagram;Snapchat,740,Disney+,26,50000,Basketball,420,7,Pretty happy,6526,22,A,4,0,Even,September,Fall,North campus,Physical Sciences / Natural Sciences / Engineering;Math / Statistics / Computer Science,2,3.97,3.64,20,72,67,70,Junior,1,3,0,0,1,Right,1,Male,Midwest,Republican,0,1,0,0
2022/09/19 6:25:47 pm GMT-5,Wine,1,No,No,Introvert,0,Visual (learn best through images or graphic organizers),"Left-brained (logic, science, critical thinking, numbers)",INTJ,Instagram,600,Netflix;Amazon Prime;HBO Max,30,50000,soccer,420,7,Don't know,9589,7,A,5,0,Odd,August,Summer,Neither,Physical Sciences / Natural Sciences / Engineering,2,4,3.1,22,69,67,62,Senior,0,1,0,0,1,Right,0,Male,International,No affiliation,0,1,0,0
2022/09/19 6:25:48 pm GMT-5,Hard liquor/Mixed drink,2,No,No,Introvert,0,Reading/Writing (learn best through words often note-taking or reading),"Left-brained (logic, science, critical thinking, numbers)",Unknown,Facebook;Instagram;Twitter;Snapchat;TikTok,1000,Netflix;Hulu;Amazon Prime;HBO Max;Disney+,27,80000,tennis,150,7,Pretty happy,7400,6,A,6,1,Odd,May,Summer,Neither,Social Sciences / Education,2,4,3.5,21,62,70,62,Senior,1,1,0,0,1,Right,0,Female,International,Republican,0,1,1,0
2022/09/19 6:31:20 pm GMT-5,Beer,3,No,No,Introvert,1,Kinesthetic (learn best through figuring out hands-on problems),"Left-brained (logic, science, critical thinking, numbers)",ESTJ,Facebook;Instagram;Twitter;Snapchat,300,Netflix;Hulu;Amazon Prime;HBO Max;Disney+,30,110000,Basketball,350,8,Very happy,6100,20,J,3,0,Even,August,Summer,Neither,Social Sciences / Education;Math / Statistics / Computer Science,2,3.96,3.89,21,65,68,60,Senior,0,0,0,1,0,Right,1,Male,Midwest,Democrat,0,1,0,0
2022/09/19 6:32:22 pm GMT-5,Beer,5,No,No,Introvert,0,Visual (learn best through images or graphic organizers),"Left-brained (logic, science, critical thinking, numbers)",INFJ,Instagram;Twitter;Snapchat,300,"Netflix;Hulu;Amazon Prime;HBO Max;Disney+;Peacock, Paramount+",28,100000,football,180,6,Pretty happy,4725,64,B,2,0,Odd,September,Fall,Neither,Math / Statistics / Computer Science,2,4,3.97,22,69,67,66,Senior,1,3,0,1,1,Left,1,Male,Midwest,Democrat,0,1,0,0
2022/09/19 6:36:15 pm GMT-5,I don't drink,5,No,No,Introvert,0,Reading/Writing (learn best through words often note-taking or reading),"Left-brained (logic, science, critical thinking, numbers)",ESFJ,Instagram,1000,Netflix;Hulu;Amazon Prime;HBO Max;Disney+,25,200000,tennis,14,6,Pretty happy,3000,7,N,15,0,Odd,October,Winter,Neither,Math / Statistics / Computer Science,2,3.5,3.77,19,72,68,64,Junior,1,1,0,1,0,Right,1,Male,Midwest,No affiliation,0,1,0,1
2022/09/19 8:09:52 pm GMT-5,I don't drink,0,No,No,Extrovert,1,Reading/Writing (learn best through words often note-taking or reading),"Left-brained (logic, science, critical thinking, numbers)",ENFJ,Instagram,400,Amazon Prime,26,60000,soccer,60,8,Very happy,6585,42,z,5,1,Even,June,Summer,South campus,Social Sciences / Education;Math / Statistics / Computer Science,4,4,4,19,67,72,66,Sophomore,0,2,0,1,1,Right,0,Female,International,No affiliation,1,0,1,0
2022/09/19 8:45:13 pm GMT-5,Beer,6,No,No,Extrovert,1,Reading/Writing (learn best through words often note-taking or reading),"Right-brained (creative, art, imaginative, intuitive)",ENFJ,Instagram;Twitter;Snapchat;TikTok,1000,Netflix;HBO Max,28,60000,basketball,,7,Very happy,6243,19,M,2,0,Odd,May,Summer,North campus,Humanities / Communications;Social Sciences / Education,3,4,3.9,19,,,,Sophomore,0,3,0,0,0,Right,1,Male,West,No affiliation,0,1,0,0
2022/09/19 9:08:05 pm GMT-5,Hard liquor/Mixed drink,1,No,No,Introvert,0,Auditory (learn best through listening/speaking),"Left-brained (logic, science, critical thinking, numbers)",ENFJ,Facebook;Instagram;Snapchat,700,Netflix;Hulu;Amazon Prime;HBO Max;Disney+,35,50000,figure skating,180,6,Not too happy,6000,2,s,4,0,Odd,August,Fall,South campus,Math / Statistics / Computer Science;theater,3,,3.933,20,64,70,64,Sophomore,0,3,0,1,1,Right,1,Female,Northeast,Independent,0,1,0,0
2022/09/19 9:33:20 pm GMT-5,Beer,4,No,Yes,Extrovert,0,Kinesthetic (learn best through figuring out hands-on problems),"Left-brained (logic, science, critical thinking, numbers)",ENTJ,Snapchat,1000,Netflix;Hulu;Amazon Prime;HBO Max;Disney+,29,50000,Ultimate Frisbee,300,8,Pretty happy,4281,2,B,6,0,Even,October,Fall,Neither,Humanities / Communications;Math / Statistics / Computer Science,3,3.7,3.7,19,74,79,66,Junior,1,2,0,0,1,Right,1,Male,Northeast,Democrat,0,1,0,0
2022/09/19 10:44:50 pm GMT-5,I don't drink,0,No,No,Introvert,0,Visual (learn best through images or graphic organizers),"Right-brained (creative, art, imaginative, intuitive)",ISFP,Facebook;Instagram;Snapchat,250,Netflix,27,70000,volleyball,,6,Pretty happy,7740,5,A,6,0,Odd,August,Fall,South campus,Math / Statistics / Computer Science,3,4,3.7,21,62,67,65,Junior,1,3,0,0,1,Right,1,Female,Northeast,Democrat,1,0,0,1
2022/09/19 11:28:08 pm GMT-5,Hard liquor/Mixed drink,25,No,No,Extrovert,0,Visual (learn best through images or graphic organizers),"Right-brained (creative, art, imaginative, intuitive)",ENFP,Facebook;Instagram;Snapchat;TikTok,1330,Netflix;Amazon Prime;HBO Max,27,125000,Golf,180,7,Very happy,9748,27,A,5,0,Even,October,Fall,South campus,Social Sciences / Education,2,4.3,3.6,19,66,70,65,Junior,1,4,0,1,1,Left,1,Female,Southwest,Democrat,0,1,0,0
2022/09/19 11:49:51 pm GMT-5,Beer,60,Yes,Yes,Extrovert,1,Visual (learn best through images or graphic organizers),"Right-brained (creative, art, imaginative, intuitive)",ENTP,Facebook;Instagram;Twitter,1300,Netflix,30,50000,windsurfing,7,7,Very happy,6093,7,l,12,0,Even,July,Spring,Neither,Physical Sciences / Natural Sciences / Engineering,3,4,3.8,21,68,72,70,Senior,0,3,0,0,1,Right,0,Female,International,No affiliation,0,1,0,0
2022/09/20 12:59:47 am GMT-5,Wine,10,No,Yes,Extrovert,1,Kinesthetic (learn best through figuring out hands-on problems),"Left-brained (logic, science, critical thinking, numbers)",ESTJ,Instagram;Snapchat;TikTok,1200,Netflix;Hulu;Amazon Prime;HBO Max;Disney+,24,95000,Swimming,180,7,Pretty happy,4700,11,J,8,1,Even,February,Fall,North campus,Math / Statistics / Computer Science,2,4.6,3.25,19,73,69,65,Sophomore,1,1,0,1,0,Left,1,Male,Midwest,Republican,1,1,0,0
2022/09/20 2:38:23 am GMT-5,I don't drink,0,No,No,Extrovert,1,Kinesthetic (learn best through figuring out hands-on problems),"Right-brained (creative, art, imaginative, intuitive)",ENFJ,Facebook;Instagram;Snapchat,755,Netflix,25,80000,Soccer,300,6,Pretty happy,8,3,M,7,0,Even,February,Summer,Neither,Physical Sciences / Natural Sciences / Engineering,2,3.93,3.285,21,73,68,68,Senior,1,2,0,1,1,Right,1,Male,Midwest,Independent,1,1,0,0
2022/09/20 6:32:57 am GMT-5,Hard liquor/Mixed drink,2,Occasionally,No,Introvert,0,Visual (learn best through images or graphic organizers),"Left-brained (logic, science, critical thinking, numbers)",ENTJ,Facebook;Instagram;Twitter;Snapchat;TikTok,780,Netflix;Amazon Prime;HBO Max,29,99000,Basketball,70,7,Pretty happy,7953,20,R,6,0,Even,October,Summer,South campus,Math / Statistics / Computer Science,2,3.7,3.7,20,72.83,70,64.96,Junior,0,2,0,1,1,Right,1,Male,International,No affiliation,1,0,0,0
2022/09/20 9:52:40 am GMT-5,Hard liquor/Mixed drink,8,No,Yes,Extrovert,0,Auditory (learn best through listening/speaking),"Right-brained (creative, art, imaginative, intuitive)",ESFP,Instagram;Snapchat;TikTok,2100,Netflix;Hulu;Amazon Prime;HBO Max,27,70000,Basketball,40,6,Very happy,,8,G,4,0,Even,April,Spring,Neither,Humanities / Communications,2,,3.5,20,65,70,63,Junior,1,1,0,0,1,Right,1,Female,Northeast,Democrat,0,1,0,0
2022/09/20 9:56:27 am GMT-5,Hard liquor/Mixed drink,2,No,No,Introvert,0,Kinesthetic (learn best through figuring out hands-on problems),"Left-brained (logic, science, critical thinking, numbers)",INTP,Facebook;Instagram;Snapchat,2000,Netflix,33,90000,Volleyball,300,5,Don't know,8740,6,S,7,0,Even,June,Summer,South campus,Social Sciences / Education;Math / Statistics / Computer Science,2,4,3.72,19,,,,Sophomore,1,3,0,1,1,Right,0,Male,International,No affiliation,0,1,0,0
2022/09/20 10:29:16 am GMT-5,Beer,10,No,Yes,Introvert,1,Visual (learn best through images or graphic organizers),"Right-brained (creative, art, imaginative, intuitive)",INFJ,Twitter;TikTok,450,Netflix;Hulu;Amazon Prime;HBO Max;Disney+,30,50000,Basketball,60,7,Pretty happy,9500,23,M,6,0,Odd,February,Fall,Neither,Social Sciences / Education,2,3.93,3.65,21,66,75,60,Senior,1,2,0,1,1,Left,1,Other,Northeast,Independent,1,0,0,0
2022/09/20 10:39:01 am GMT-5,Hard liquor/Mixed drink,15,No,Yes,Introvert,0,Reading/Writing (learn best through words often note-taking or reading),"Right-brained (creative, art, imaginative, intuitive)",ENFP,Instagram;Twitter;Snapchat,1200,Netflix;Hulu;Amazon Prime;HBO Max,30,,Tennis,180,8,Pretty happy,8000,8,B,4,0,Even,October,Fall,North campus,Math / Statistics / Computer Science,2,,3.877,19,65,68,62,Sophomore,0,1,0,0,1,Left,1,Female,Midwest,Democrat,0,0,1,1
2022/09/20 11:05:52 am GMT-5,I don't drink,1,No,No,Extrovert,0,Reading/Writing (learn best through words often note-taking or reading),"Left-brained (logic, science, critical thinking, numbers)",ENFJ,Instagram;Snapchat,1200,Netflix;Disney+,25,75000,Volleyball,225,6,Very happy,4407.7,25,S,4,0,Odd,November,Summer,South campus,Humanities / Communications;Social Sciences / Education,3,4,3.663,19,66,67,62,Sophomore,1,5,0,1,1,Right,1,Female,Midwest,Democrat,0,1,0,0
2022/09/20 11:37:14 am GMT-5,Beer,0,No,No,Extrovert,0,Visual (learn best through images or graphic organizers),"Left-brained (logic, science, critical thinking, numbers)",ISFJ,Instagram,800,Amazon Prime;Disney+,26,36000,Badminton,90,8,Pretty happy,11000,7,k,6,0,Even,August,Summer,Neither,Social Sciences / Education;Math / Statistics / Computer Science,3,4.16,3.72,20,63,67,63,Sophomore,0,3,0,1,0,Right,0,Female,International,No affiliation,1,0,1,0
2022/09/20 11:55:40 am GMT-5,I don't drink,0,No,No,Introvert,0,Visual (learn best through images or graphic organizers),"Left-brained (logic, science, critical thinking, numbers)",ISTJ,Facebook;Instagram,500,Netflix;Amazon Prime,30,45000,Taekwondo ,300,8,Pretty happy,6000,4,P,2,0,Odd,April,Spring,North campus,Physical Sciences / Natural Sciences / Engineering,3,4,3.96,20,78,83,80,Junior,0,7,0,1,1,Right,1,Female,West,Democrat,0,1,0,0
2022/09/20 12:09:55 pm GMT-5,Wine,2,No,No,Introvert,0,Kinesthetic (learn best through figuring out hands-on problems),"Right-brained (creative, art, imaginative, intuitive)",INFJ,Instagram;Snapchat;TikTok,2000,Netflix;Amazon Prime;HBO Max;Disney+,32,60000,Pickleball,,7,Don't know,8864,9,t,5,0,Even,September,Spring,South campus,Engineering,2,4.2,3.9,19,68,69,65,Sophomore,1,3,0,1,0,Right,1,Female,Southwest,No affiliation,0,1,0,0
2022/09/20 12:19:51 pm GMT-5,Hard liquor/Mixed drink,4,No,No,Introvert,0,Reading/Writing (learn best through words often note-taking or reading),"Right-brained (creative, art, imaginative, intuitive)",ENFJ,Facebook;Instagram;Snapchat,1500,Netflix;Hulu;Amazon Prime;HBO Max;Disney+,26,55000,Dance!,240,7,Pretty happy,3663,4,o,4,0,Even,October,Fall,North campus,Humanities / Communications;Physical Sciences / Natural Sciences / Engineering,3,,4.83,21,64,70,67,Senior,0,3,0,0,1,Left,1,Female,West,Democrat,0,1,0,0
2022/09/20 12:34:41 pm GMT-5,Hard liquor/Mixed drink,3,No,Yes,Extrovert,0,Visual (learn best through images or graphic organizers),"Left-brained (logic, science, critical thinking, numbers)",ESFJ,Facebook;Instagram;Twitter;Snapchat,1600,Netflix;Hulu;Amazon Prime;HBO Max,30,90000,Basketball,200,7,Pretty happy,6887,26,A,5,0,Even,June,Fall,Neither,Math / Statistics / Computer Science,2,4,3.82,20,62,63,63,Junior,0,3,0,0,1,Right,1,Female,West,Democrat,0,1,0,0
2022/09/20 1:28:10 pm GMT-5,Hard liquor/Mixed drink,1,Occasionally,Yes,Extrovert,0,Kinesthetic (learn best through figuring out hands-on problems),"Left-brained (logic, science, critical thinking, numbers)",ENFJ,Instagram;Snapchat;TikTok,900,Netflix;Hulu;Amazon Prime;HBO Max,30,90000,judo,60,7,Pretty happy,3461,3,B,2,0,Odd,March,Spring,Neither,Physical Sciences / Natural Sciences / Engineering;Math / Statistics / Computer Science,2,,3.62,20,65,69,67,Junior,1,3,0,0,1,Right,0,Female,International,Democrat,0,1,0,0
2022/09/20 1:40:03 pm GMT-5,I don't drink,0,No,No,Introvert,0,Reading/Writing (learn best through words often note-taking or reading),"Left-brained (logic, science, critical thinking, numbers)",ISTJ,Instagram;Twitter,500,"ESPN+, Peacock, Paramount+",,40000,Soccer,200,8,Very happy,4600,44,J,12,1,Even,August,Fall,South campus,Humanities / Communications;Math / Statistics / Computer Science,3,5.91,3.82,19,70,74,66,Sophomore,0,1,0,0,1,Right,1,Male,Southeast,Republican,0,1,0,1
2022/09/20 1:44:50 pm GMT-5,Beer,3,No,No,Introvert,1,Reading/Writing (learn best through words often note-taking or reading),"Left-brained (logic, science, critical thinking, numbers)",ENTP,Instagram;Snapchat,1600,Netflix,25,100000,Volleyball ,360,7,Pretty happy,6300,7,O,4,0,Odd,July,Summer,Neither,Math / Statistics / Computer Science,2,4.71,3.86,20,76,74,62,Junior,1,4,0,0,1,Right,1,Male,West,Independent,0,1,0,0
2022/09/20 1:45:52 pm GMT-5,Beer,7,Occasionally,No,Extrovert,0,Visual (learn best through images or graphic organizers),"Left-brained (logic, science, critical thinking, numbers)",ENTJ,Instagram;Snapchat;TikTok,,Netflix;Hulu;Amazon Prime;Disney+,27,110000,Badminton,3,8,Pretty happy,5811,5,m,75,1,Odd,July,Summer,South campus,Social Sciences / Education;Math / Statistics / Computer Science,3,,3.4,20,64,74,61,Sophomore,1,4,0,0,0,Right,0,Female,International,Democrat,0,1,0,0
2022/09/20 1:50:28 pm GMT-5,I don't drink,0,No,No,Introvert,0,Reading/Writing (learn best through words often note-taking or reading),"Left-brained (logic, science, critical thinking, numbers)",INFJ,Instagram,128,None,27,100000,Figure Skating,200,7,Pretty happy,7156,313,H,2,0,Odd,April,Spring,Neither,Humanities / Communications;Social Sciences / Education;Physical Sciences / Natural Sciences / Engineering,2,,4,26,64,69,64,Other,0,1,0,0,1,Right,1,Female,Midwest,No affiliation,0,1,0,0
2022/09/20 2:04:17 pm GMT-5,Wine,10,No,Yes,Extrovert,0,Reading/Writing (learn best through words often note-taking or reading),"Left-brained (logic, science, critical thinking, numbers)",INFP,Instagram;Snapchat;TikTok,1600,Netflix;Hulu;Amazon Prime;HBO Max;Disney+,25,100000,Basketball,300,8,Pretty happy,7600,10,Z,9,0,Even,December,Summer,Neither,Math / Statistics / Computer Science,2,3.6,3.8,20,60,58,54,Junior,1,2,0,0,1,Right,1,Male,Northeast,Democrat,1,0,1,0
2022/09/20 2:12:16 pm GMT-5,Beer,1,No,No,Introvert,1,Visual (learn best through images or graphic organizers),"Left-brained (logic, science, critical thinking, numbers)",INTP,Instagram,500,Netflix;Amazon Prime;Disney+,27,90000,Basketball,90,8,Pretty happy,7052,23,A,4,1,Odd,March,Winter,South campus,Social Sciences / Education;Math / Statistics / Computer Science,3,,3.99,21,72,71,,Senior,1,2,0,1,1,Right,0,Male,International,No affiliation,0,1,0,1
2022/09/20 2:12:54 pm GMT-5,Beer,3,No,No,Extrovert,0,Kinesthetic (learn best through figuring out hands-on problems),"Left-brained (logic, science, critical thinking, numbers)",ESFJ,Instagram;TikTok,1794,Netflix;Hulu;Amazon Prime;HBO Max;Disney+,27,100000,Volleyball ,60,8,Very happy,9359,16,K,3,0,Even,March,Spring,South campus,Math / Statistics / Computer Science,1,3.98,3.97,19,66,71,62,Sophomore,0,3,0,1,1,Right,1,Female,Midwest,Democrat,0,1,1,0
2022/09/20 2:35:59 pm GMT-5,I don't drink,0,No,No,Extrovert,0,Kinesthetic (learn best through figuring out hands-on problems),"Left-brained (logic, science, critical thinking, numbers)",ESFJ,Instagram,600,Youtube,32,65000,Swimming,180,8,Pretty happy,7384,16,S,3,1,Odd,December,Summer,Neither,Physical Sciences / Natural Sciences / Engineering;Math / Statistics / Computer Science,3,4,3.98,20,65,68.9,60.2,Junior,0,2,0,1,0,Right,0,Female,International,No affiliation,1,0,0,0
2022/09/20 2:41:30 pm GMT-5,Beer,3,No,No,Introvert,0,Kinesthetic (learn best through figuring out hands-on problems),"Left-brained (logic, science, critical thinking, numbers)",ISFJ,Instagram,850,Netflix;Amazon Prime;HBO Max,26,85000,Baseball,120,8,Pretty happy,1300,10,C,8,0,Even,December,Summer,South campus,Physical Sciences / Natural Sciences / Engineering,2,4.65,3.7,20,74,71,64,Junior,0,3,0,0,1,Left,1,Male,Midwest,Independent,1,0,0,0
2022/09/20 3:59:39 pm GMT-5,Beer,1,No,No,Extrovert,1,Visual (learn best through images or graphic organizers),"Left-brained (logic, science, critical thinking, numbers)",ENFP,Instagram,1200,Amazon Prime,25,10000,Sleep,10,8,Pretty happy,8000,6,Y,4,1,Odd,August,Fall,Neither,Social Sciences / Education;Math / Statistics / Computer Science,2,4.3,3.9,21,62,65,66,Junior,1,2,0,0,1,Right,0,Female,West,No affiliation,1,0,1,1
2022/09/20 4:00:22 pm GMT-5,I don't drink,0,No,No,Introvert,0,Auditory (learn best through listening/speaking),"Right-brained (creative, art, imaginative, intuitive)",INFJ,none,100,Hulu,,90000,none,0,3,Don't know,6182,,none,5,0,Even,February,Spring,Neither,Social Sciences / Education;Math / Statistics / Computer Science,2,4.6,3.4,19,66,68,65,Sophomore,1,3,0,0,0,Right,1,Female,International,No affiliation,1,1,0,1
2022/09/20 4:10:48 pm GMT-5,Beer,1,No,Occasionally,Introvert,1,Visual (learn best through images or graphic organizers),"Left-brained (logic, science, critical thinking, numbers)",INFJ,Instagram;Snapchat;YouTuba,400,Netflix;Amazon Prime;Disney+,28,80000,basketball,200,8,Pretty happy,6800,14,Q,3,0,Even,March,Spring,Neither,Social Sciences / Education;Math / Statistics / Computer Science,3,,3.5,21,71,75,64,Junior,1,2,0,0,1,Right,0,Male,International,Independent,0,0,1,0
2022/09/20 4:13:21 pm GMT-5,Hard liquor/Mixed drink,8,Occasionally,Occasionally,Extrovert,0,Visual (learn best through images or graphic organizers),"Left-brained (logic, science, critical thinking, numbers)",ENTP,Instagram;Snapchat,550,Netflix;Amazon Prime,33,80000,basketball,700,8,Pretty happy,6800,13,S,6,0,Even,March,Spring,Neither,Social Sciences / Education;Math / Statistics / Computer Science,3,,3.38,21,77,75,65,Junior,1,3,0,0,1,Both,0,Male,International,No affiliation,0,1,0,1
2022/09/20 4:49:17 pm GMT-5,Beer,4,No,No,Introvert,0,Kinesthetic (learn best through figuring out hands-on problems),"Left-brained (logic, science, critical thinking, numbers)",ENTJ,Facebook;Instagram;Snapchat,1600,Netflix;HBO Max,28,100000,Tennis,300,6,Pretty happy,4660,13,M,3,0,Odd,April,Spring,South campus,Math / Statistics / Computer Science,3,4,3.84,19,67,67,63,Sophomore,1,4,0,1,1,Right,1,Male,Midwest,Independent,0,1,0,0
2022/09/20 4:51:06 pm GMT-5,Beer,4,Occasionally,No,Extrovert,1,Kinesthetic (learn best through figuring out hands-on problems),"Left-brained (logic, science, critical thinking, numbers)",Unknown,Instagram;Twitter;Snapchat;TikTok,2400,Netflix;HBO Max;Disney+,35,100000,Football,300,7,Pretty happy,5561,7,W,6,0,Odd,June,Summer,North campus,Humanities / Communications;Math / Statistics / Computer Science,3,92.1,3.55,21,72,71,69,Junior,1,3,0,0,1,Right,1,Male,Northeast,Democrat,0,1,0,0
2022/09/20 5:04:37 pm GMT-5,I don't drink,0,No,No,Extrovert,0,Kinesthetic (learn best through figuring out hands-on problems),"Right-brained (creative, art, imaginative, intuitive)",ENFJ,I don't play social media,,Netflix;HBO Max,25,120000,Golf,5,8,Very happy,12000,16,A,19,1,Even,May,Fall,Neither,Arts,,,3.96,21,69,71,64,Senior,1,0,0,0,1,Right,0,Male,International,Independent,1,0,1,1
2022/09/20 5:05:02 pm GMT-5,Hard liquor/Mixed drink,0,No,No,Introvert,0,Kinesthetic (learn best through figuring out hands-on problems),"Left-brained (logic, science, critical thinking, numbers)",ISTJ,Instagram,10,Disney+,30,75000,Tennis,60,6,Pretty happy,6585,7,P,8,1,Odd,January,Spring,Neither,Social Sciences / Education;Physical Sciences / Natural Sciences / Engineering,3,3.7,3.6,20,64.2,67.7,63,Junior,1,1,0,1,1,Right,0,Female,International,No affiliation,1,0,0,1
2022/09/20 5:13:10 pm GMT-5,Beer,25,No,No,Extrovert,1,Reading/Writing (learn best through words often note-taking or reading),"Left-brained (logic, science, critical thinking, numbers)",Unknown,Instagram;Twitter,1000,Netflix;Hulu;HBO Max,29,70000,Basketball,420,7,Pretty happy,4284,24,S,3,0,Odd,July,Summer,Neither,Physical Sciences / Natural Sciences / Engineering,2,3.98,3.81,21,76,74,68,Senior,0,3,0,1,1,Left,1,Male,Northeast,Democrat,0,1,0,1
2022/09/20 5:14:37 pm GMT-5,Wine,10,No,No,Introvert,0,Kinesthetic (learn best through figuring out hands-on problems),"Left-brained (logic, science, critical thinking, numbers)",ISFJ,Facebook;Instagram;Snapchat,857,Netflix,30,100000,Baseball,300,7,Pretty happy,6863,7,S,3,0,Odd,June,Spring,South campus,Math / Statistics / Computer Science,3,3.98,3.89,22,67,68,60,Junior,1,2,0,1,1,Right,0,Male,Southwest,Independent,0,1,1,0
2022/09/20 5:15:47 pm GMT-5,Hard liquor/Mixed drink,8,No,No,Introvert,0,Reading/Writing (learn best through words often note-taking or reading),"Left-brained (logic, science, critical thinking, numbers)",INFJ,Facebook;Instagram;Twitter;Snapchat,394,Netflix,31,84974,Dance,240,6,Pretty happy,5995,24,R,7,0,Even,April,Winter,Neither,Math / Statistics / Computer Science,3,3.96,3.836,20,63,68,62,Junior,0,2,0,1,1,Right,1,Female,West,Democrat,0,0,1,0
2022/09/20 5:21:53 pm GMT-5,Wine,8,Occasionally,Occasionally,Introvert,1,Kinesthetic (learn best through figuring out hands-on problems),"Left-brained (logic, science, critical thinking, numbers)",INTJ,Instagram;TikTok,1050,Netflix;Hulu;Amazon Prime;HBO Max;Disney+,28,110000,Tennis,200,7,Pretty happy,5200,13,H,300,0,Odd,June,Fall,North campus,Physical Sciences / Natural Sciences / Engineering;Math / Statistics / Computer Science,2,4.55,3.45,21,,,,Junior,1,3,0,0,1,Right,1,Male,Southeast,Democrat,0,1,1,0
2022/09/20 5:31:52 pm GMT-5,Beer,6,No,Occasionally,Introvert,1,Visual (learn best through images or graphic organizers),"Left-brained (logic, science, critical thinking, numbers)",ISTP,Instagram;Snapchat,250,Netflix;Hulu;HBO Max;Disney+,28,80000,american football,180,5,Pretty happy,4000,12,r,7,0,Even,September,Spring,North campus,Physical Sciences / Natural Sciences / Engineering;Math / Statistics / Computer Science,3,4,3.42,20,70,67,64,Junior,1,2,0,1,1,Right,1,Male,Northeast,Independent,1,1,0,1
2022/09/20 5:33:18 pm GMT-5,Beer,8,No,No,Introvert,0,Visual (learn best through images or graphic organizers),"Left-brained (logic, science, critical thinking, numbers)",INTP,Twitter;Snapchat,30,Netflix;Hulu;Amazon Prime;HBO Max;Disney+,30,70000,Football,180,8,Very happy,7819,24,J,6,0,Even,June,Winter,North campus,Physical Sciences / Natural Sciences / Engineering,2,,3.61,20,72,69,64,Junior,0,2,0,0,1,Right,1,Male,Northeast,Democrat,0,1,0,0
2022/09/20 5:33:21 pm GMT-5,I don't drink,0,No,No,Extrovert,1,Reading/Writing (learn best through words often note-taking or reading),"Left-brained (logic, science, critical thinking, numbers)",ESTJ,Instagram,2000,Netflix;Amazon Prime,40,40000,running,120,5,Pretty happy,11000,9,s,2,1,Odd,July,Summer,South campus,Math / Statistics / Computer Science,3,4,4,20,68.89764,68.50394,64.96063,Sophomore,0,3,0,1,1,Right,0,Female,International,No affiliation,0,1,0,0
2022/09/20 5:33:46 pm GMT-5,Hard liquor/Mixed drink,3,No,No,Introvert,1,Kinesthetic (learn best through figuring out hands-on problems),"Right-brained (creative, art, imaginative, intuitive)",INFJ,Instagram;Snapchat,400,Netflix;Hulu;Amazon Prime;HBO Max,30,30000,ultimate frisbee,300,8,Very happy,4100,2,M,4,0,Odd,October,Fall,South campus,Humanities / Communications;Math / Statistics / Computer Science,2,4,,19,66,69,68,Sophomore,0,2,0,0,1,Right,1,Female,Northeast,No affiliation,1,1,0,0
2022/09/20 5:34:11 pm GMT-5,Hard liquor/Mixed drink,3,No,No,Introvert,0,Kinesthetic (learn best through figuring out hands-on problems),"Left-brained (logic, science, critical thinking, numbers)",ESTP,Instagram,300,Netflix;Amazon Prime,28,90000,Football,375,9,Pretty happy,7484,34,A,3,0,Odd,March,Spring,Neither,Biomedical Engineering ,2,4,3.39,20,71,72,65,Junior,1,2,0,1,1,Right,1,Male,Midwest,Democrat,0,1,0,0
2022/09/20 5:34:13 pm GMT-5,Hard liquor/Mixed drink,5,No,No,Extrovert,0,Visual (learn best through images or graphic organizers),"Left-brained (logic, science, critical thinking, numbers)",ENTP,Instagram;Twitter,100,Netflix;Hulu;HBO Max;Disney+,30,,Soccer,60,6,Pretty happy,,21,A,40,0,Odd,April,Fall,Neither,Math / Statistics / Computer Science,2,3.7,3.5,21,72,64,62,Senior,1,0,0,1,1,Right,1,Male,Northeast,Democrat,1,0,1,0
2022/09/20 5:34:15 pm GMT-5,I don't drink,0,No,No,Introvert,0,Visual (learn best through images or graphic organizers),"Right-brained (creative, art, imaginative, intuitive)",ISFJ,Instagram,600,none,27,50000,basketball,240,7,Very happy,7600,7,x,3,0,Even,February,Spring,North campus,Humanities / Communications;Math / Statistics / Computer Science,2,4.7,,19,67,64,62,Sophomore,0,3,0,0,1,Right,1,Female,Southwest,Democrat,0,1,0,0
2022/09/20 5:34:38 pm GMT-5,Hard liquor/Mixed drink,1,No,No,Introvert,0,Kinesthetic (learn best through figuring out hands-on problems),"Left-brained (logic, science, critical thinking, numbers)",ISFP,Facebook;Instagram;Twitter;TikTok,950,Netflix,,60000,biking,180,7,Pretty happy,7237,8,G,4,0,Odd,August,Fall,North campus,Physical Sciences / Natural Sciences / Engineering,2,3.7,3.4,20,62,67,63,Junior,1,2,0,1,1,Right,1,Female,Midwest,Democrat,1,0,1,0
2022/09/20 5:34:51 pm GMT-5,Beer,8,No,No,Introvert,1,Visual (learn best through images or graphic organizers),"Left-brained (logic, science, critical thinking, numbers)",INFJ,Instagram;Twitter,612,Netflix;Hulu,28,100000,Swimming,180,8,Very happy,5828,3,G,2,0,Odd,August,Fall,South campus,Math / Statistics / Computer Science,2,4,,19,61,62,60,Sophomore,1,2,0,0,1,Right,0,Female,Southwest,No affiliation,0,1,0,0
2022/09/20 5:35:10 pm GMT-5,Wine,1,No,No,Extrovert,0,Kinesthetic (learn best through figuring out hands-on problems),"Right-brained (creative, art, imaginative, intuitive)",ENFJ,Facebook;Instagram;Twitter,60,Netflix;Hulu,27,5000,Volleyball,90,7,Pretty happy,7233,2,P,2,1,Odd,March,Spring,Neither,Humanities / Communications;Social Sciences / Education,3,,3.99,20,66.5,,,Junior,1,2,0,0,1,Right,0,Female,International,No affiliation,0,1,0,1
2022/09/20 5:35:12 pm GMT-5,I don't drink,4,No,No,Extrovert,0,Visual (learn best through images or graphic organizers),"Left-brained (logic, science, critical thinking, numbers)",ENTJ,Instagram;TikTok,1100,Netflix;Amazon Prime;HBO Max;Disney+,28,100000,Basketball,240,8,Pretty happy,10000,11,K,300,0,Odd,August,Summer,South campus,Math / Statistics / Computer Science,2,3.98,3.98,19,66,68,60,Sophomore,0,3,0,1,1,Right,1,Male,Midwest,Democrat,0,1,1,0
2022/09/20 5:35:13 pm GMT-5,Hard liquor/Mixed drink,20,No,No,Introvert,0,Auditory (learn best through listening/speaking),"Left-brained (logic, science, critical thinking, numbers)",Unknown,Instagram;Twitter;Snapchat,500,Netflix;Hulu;Amazon Prime;HBO Max,,80000,Football,180,6,Pretty happy,6196,42,J,210,0,Odd,January,Fall,Neither,Physical Sciences / Natural Sciences / Engineering;Math / Statistics / Computer Science,3,,,20,69,64,60,Junior,1,3,0,0,1,Right,1,Male,Midwest,Democrat,0,1,0,0
2022/09/20 5:35:32 pm GMT-5,Beer,3,No,No,Introvert,0,Kinesthetic (learn best through figuring out hands-on problems),"Left-brained (logic, science, critical thinking, numbers)",ESTJ,Don't use social media,,Netflix;HBO Max,35,100000,Baseball,15,8,Pretty happy,4000,512,T,1,0,Odd,August,Fall,Neither,Math / Statistics / Computer Science,2,,,21,77,77,64,Junior,1,2,0,1,0,Right,1,Male,Northeast,No affiliation,1,0,0,0
2022/09/20 5:35:35 pm GMT-5,Hard liquor/Mixed drink,3,No,No,Extrovert,0,Kinesthetic (learn best through figuring out hands-on problems),"Left-brained (logic, science, critical thinking, numbers)",Unknown,Facebook;Instagram;Snapchat,440,Netflix;Hulu;Amazon Prime;HBO Max,30,80000,Basketball,300,8,Not too happy,2562,7,d,4,0,Odd,June,Fall,North campus,Physical Sciences / Natural Sciences / Engineering,2,4,3.91,21,73,78,67,Senior,1,3,0,1,1,Right,1,Male,Northeast,Democrat,0,1,1,1
2022/09/20 5:35:35 pm GMT-5,Wine,5,Occasionally,Occasionally,Introvert,0,Kinesthetic (learn best through figuring out hands-on problems),"Right-brained (creative, art, imaginative, intuitive)",ISTJ,Instagram;Snapchat;TikTok,1600,Netflix,30,60000,dance,60,8,Pretty happy,7447,11,e,4,0,Even,April,Fall,North campus,Social Sciences / Education,2,4,3.89,19,66,73,63,Sophomore,1,3,0,1,1,Right,1,Female,Midwest,Democrat,0,1,0,0
2022/09/20 5:35:48 pm GMT-5,Wine,8,Occasionally,Yes,Introvert,0,Reading/Writing (learn best through words often note-taking or reading),"Left-brained (logic, science, critical thinking, numbers)",INFJ,Instagram;Twitter;TikTok,900,Netflix;HBO Max,,30000,Table Tennis,120,8,Pretty happy,,69,Z,180,0,Odd,July,Spring,North campus,Physical Sciences / Natural Sciences / Engineering;Math / Statistics / Computer Science,2,3.9,3.9,21,61,67,60,Senior,1,5,0,1,1,Right,0,Other,International,Independent,0,1,0,0
2022/09/20 5:36:09 pm GMT-5,Hard liquor/Mixed drink,1,No,No,Introvert,1,Reading/Writing (learn best through words often note-taking or reading),"Left-brained (logic, science, critical thinking, numbers)",INFP,Instagram,865,Netflix,30,65000,yoga,120,6,Don't know,6585,3,A,10,1,Even,May,Summer,Neither,Social Sciences / Education,3,4.3,3.8,22,67,69,66,Senior,1,1,0,1,0,Right,0,Female,International,Democrat,0,1,0,0
2022/09/20 5:36:21 pm GMT-5,Hard liquor/Mixed drink,1,No,No,Introvert,0,Kinesthetic (learn best through figuring out hands-on problems),"Right-brained (creative, art, imaginative, intuitive)",ISFP,Instagram;Twitter;Snapchat,462,Netflix;Amazon Prime;HBO Max;Disney+,35,75000,Basketball,240,8,Pretty happy,6300,7,Y,4,1,Even,July,Spring,Neither,Humanities / Communications;Music,3,5.7,3.96,21,71,70,66,Junior,0,1,0,1,0,Right,1,Male,Southwest,Democrat,0,1,0,0
2022/09/20 5:36:51 pm GMT-5,Beer,6,No,No,Introvert,1,Visual (learn best through images or graphic organizers),"Left-brained (logic, science, critical thinking, numbers)",ESFJ,Instagram;TikTok,600,Netflix;Hulu;Amazon Prime;HBO Max;Disney+,28,90000,"Soccer (to play), football (to watch)",400,7,Pretty happy,7655,1,C,3,0,Even,March,Summer,Neither,Social Sciences / Education;Math / Statistics / Computer Science,2,,3.72,21,73,70,63,Senior,0,2,0,0,0,Right,1,Male,West,Democrat,0,1,0,0
2022/09/20 5:37:07 pm GMT-5,Beer,8,Occasionally,Yes,Extrovert,0,Visual (learn best through images or graphic organizers),"Left-brained (logic, science, critical thinking, numbers)",INFJ,Instagram;Snapchat;TikTok,872,Netflix;Hulu;Amazon Prime;HBO Max;Disney+,31,130000,Golf,200,8,Very happy,,23,c,4,0,Odd,June,Fall,North campus,Math / Statistics / Computer Science,2,4,3.84,19,70,71,62,Sophomore,1,3,0,1,1,Right,1,Male,West,Democrat,0,1,0,0
2022/09/20 5:37:44 pm GMT-5,Wine,4,Yes,No,Extrovert,0,Reading/Writing (learn best through words often note-taking or reading),"Left-brained (logic, science, critical thinking, numbers)",ENTJ,Instagram;Twitter;Snapchat;TikTok,1468,Netflix;Amazon Prime;HBO Max,30,150000,Golf,60,8,Pretty happy,5430,16,C,3,0,Even,December,Spring,North campus,Math / Statistics / Computer Science,2,4,3.43,18,68,68,65,Sophomore,1,4,0,0,1,Right,0,Female,International,Independent,1,0,1,0
2022/09/20 5:38:02 pm GMT-5,I don't drink,1,No,No,Introvert,0,Visual (learn best through images or graphic organizers),"Left-brained (logic, science, critical thinking, numbers)",Unknown,Instagram;TikTok,1200,Netflix,27,150000,Gymnastics,480,6,Pretty happy,5000,2,S,6,0,Even,August,Summer,North campus,Math / Statistics / Computer Science,3,4,,19,,,,Sophomore,1,2,0,0,1,Right,1,Female,Midwest,Democrat,0,1,0,0
2022/09/20 5:38:05 pm GMT-5,I don't drink,1,No,No,Extrovert,1,Visual (learn best through images or graphic organizers),"Right-brained (creative, art, imaginative, intuitive)",ENTJ,Instagram,950,Netflix;Hulu;HBO Max,33,80000,tennis,120,7,Pretty happy,100,7,B,5,0,Odd,March,Fall,Neither,Social Sciences / Education,3,3.9,3.9,21,,,,Senior,1,3,0,0,1,Right,1,Female,Southeast,Democrat,0,1,0,0
2022/09/20 5:38:17 pm GMT-5,Hard liquor/Mixed drink,4,Occasionally,No,Extrovert,0,Kinesthetic (learn best through figuring out hands-on problems),"Left-brained (logic, science, critical thinking, numbers)",INFJ,Instagram;Twitter;Snapchat,900,Netflix;HBO Max,32,100000,Soccer,300,7,Very happy,5473,10,M,4,0,Odd,November,Summer,South campus,Physical Sciences / Natural Sciences / Engineering,3,,3.55,20,71,70,68,Junior,0,2,0,0,1,Right,0,Male,International,No affiliation,0,1,1,0
2022/09/20 5:38:18 pm GMT-5,I don't drink,0,No,No,Introvert,0,Kinesthetic (learn best through figuring out hands-on problems),"Left-brained (logic, science, critical thinking, numbers)",ISTJ,Instagram;Wechat,80,Amazon Prime,27,80000,Basketball,180,8,Not too happy,7000,8,X,2,1,Odd,December,Winter,Neither,Social Sciences / Education;Math / Statistics / Computer Science,3,,3.99,20,5.8,5.6,5.4,Junior,1,2,0,1,1,Right,0,Male,International,No affiliation,0,1,0,0
2022/09/20 5:39:47 pm GMT-5,Beer,,Yes,Yes,Introvert,0,Kinesthetic (learn best through figuring out hands-on problems),"Right-brained (creative, art, imaginative, intuitive)",ENTJ,Facebook;Instagram;Twitter;Snapchat,,Netflix;Hulu;Amazon Prime;HBO Max;Disney+,27,60000,football,,8,Don't know,500,5,M,4,0,Odd,August,Fall,Neither,Humanities / Communications;journalism,3,3.9,3.87,20,,,,Junior,1,1,1,0,0,Right,1,Male,Midwest,No affiliation,0,0,0,1
2022/09/20 5:42:57 pm GMT-5,Hard liquor/Mixed drink,11,No,No,Extrovert,1,Visual (learn best through images or graphic organizers),"Right-brained (creative, art, imaginative, intuitive)",ENTJ,Instagram;Snapchat;TikTok,2575,Netflix;Hulu;Amazon Prime,26,140000,Figure Skating,250,7,Pretty happy,6000,28,A,4,0,Even,May,Spring,South campus,Social Sciences / Education;Math / Statistics / Computer Science,2,,,19,65,73,66,Sophomore,0,3,0,1,1,Right,1,Female,Midwest,Independent,0,1,0,0
2022/09/20 6:00:46 pm GMT-5,Hard liquor/Mixed drink,5,Occasionally,Occasionally,Extrovert,0,Reading/Writing (learn best through words often note-taking or reading),"Left-brained (logic, science, critical thinking, numbers)",ENFJ,Instagram;Snapchat;TikTok,1100,Hulu;Peacock,,84000,Swimming,280,7,Not too happy,9000,5,S,2,0,Odd,September,Summer,North campus,Humanities / Communications;Social Sciences / Education;Math / Statistics / Computer Science,3,4.4,3.4,21,67,70,62,Senior,0,5,0,1,1,Right,1,Female,Midwest,Democrat,0,1,0,0
2022/09/20 7:03:34 pm GMT-5,Hard liquor/Mixed drink,3,No,No,Extrovert,1,Reading/Writing (learn best through words often note-taking or reading),"Right-brained (creative, art, imaginative, intuitive)",ISFP,Facebook;Instagram;LinkedIn,1200,Amazon Prime,25,100000,Badminton,7,5,Pretty happy,10,5,d,8,1,Even,July,Fall,South campus,Social Sciences / Education;Math / Statistics / Computer Science,3,4.57,3.9,19,72,66,63,Sophomore,1,7,0,0,0,Right,0,Male,International,Democrat,0,0,1,1
2022/09/20 7:36:12 pm GMT-5,Hard liquor/Mixed drink,30,Occasionally,Occasionally,Introvert,1,Reading/Writing (learn best through words often note-taking or reading),"Left-brained (logic, science, critical thinking, numbers)",ESTP,Facebook;Instagram;Snapchat,1200,Netflix;Hulu;Amazon Prime;HBO Max;Disney+,26,220000,gymnastics,600,6,Pretty happy,6173,,,5,0,Even,September,Summer,Neither,Social Sciences / Education;Math / Statistics / Computer Science,3,4.7,3.97,20,69,67,67,Junior,1,1,0,0,0,Right,1,Female,Midwest,Republican,1,0,0,0
2022/09/20 7:37:18 pm GMT-5,I don't drink,0,No,No,Introvert,1,Visual (learn best through images or graphic organizers),"Right-brained (creative, art, imaginative, intuitive)",INFP,Instagram,500,Netflix,29,100000,ice skating,240,7,Pretty happy,7200,6,A,3,1,Odd,October,Spring,Neither,Social Sciences / Education,3,4.01,3.85,22,65,72,62,Senior,1,2,0,0,0,Right,0,Female,International,Democrat,0,1,1,0
2022/09/20 7:50:44 pm GMT-5,Wine,4,No,Yes,Extrovert,0,Kinesthetic (learn best through figuring out hands-on problems),"Left-brained (logic, science, critical thinking, numbers)",Unknown,Instagram;Snapchat;TikTok,2000,Netflix;Hulu;Amazon Prime;Disney+,28,100000,Tennis,0,7,Pretty happy,,7,D,3,0,Odd,April,Summer,Neither,Social Sciences / Education;Math / Statistics / Computer Science,3,,3.75,21,,,,Senior,0,1,0,0,0,Right,0,Female,International,No affiliation,0,1,0,0
2022/09/20 8:00:52 pm GMT-5,I don't drink,2,No,No,Introvert,0,Kinesthetic (learn best through figuring out hands-on problems),"Left-brained (logic, science, critical thinking, numbers)",ESTJ,Instagram;Snapchat,1000,Netflix;Amazon Prime;HBO Max;Disney+,34,45000,basketball,420,8,Pretty happy,4600,1,n,3,0,Odd,August,Fall,North campus,Social Sciences / Education,1,4.8,,19,63,72,65,Sophomore,0,1,0,1,1,Right,1,Female,Southeast,Democrat,0,1,0,1
2022/09/20 8:04:13 pm GMT-5,I don't drink,0,No,No,Introvert,0,Kinesthetic (learn best through figuring out hands-on problems),"Left-brained (logic, science, critical thinking, numbers)",ISFJ,Instagram,300,Amazon Prime;HBO Max,26,100000,Swimming,60,8,Pretty happy,6603,6,A,4,1,Odd,December,Fall,Neither,Physical Sciences / Natural Sciences / Engineering;Math / Statistics / Computer Science,2,3.99,3.98,20,63,69,63,Junior,0,2,0,1,1,Right,0,Female,International,No affiliation,1,0,0,0
2022/09/20 8:14:09 pm GMT-5,Hard liquor/Mixed drink,0,No,No,Introvert,0,Reading/Writing (learn best through words often note-taking or reading),"Left-brained (logic, science, critical thinking, numbers)",INFJ,Instagram;Twitter,400,Netflix;Hulu,24,40000,acrobatics,2,6,Pretty happy,5894,13,a,3,0,Odd,April,Spring,North campus,Physical Sciences / Natural Sciences / Engineering,2,,3.9,19,65,67,66,Sophomore,1,2,0,0,0,Right,0,Female,International,Democrat,0,0,0,0
2022/09/20 8:28:40 pm GMT-5,Hard liquor/Mixed drink,12,No,No,Extrovert,0,Kinesthetic (learn best through figuring out hands-on problems),"Left-brained (logic, science, critical thinking, numbers)",ENTJ,Instagram;Snapchat;TikTok,1400,Netflix;Hulu,28,120000,soccer,280,7,Very happy,4900,11,m,6,0,Odd,April,Summer,South campus,Math / Statistics / Computer Science,2,,3.725,19,66,75,68,Sophomore,0,2,0,1,1,Right,1,Female,Northeast,Independent,1,0,1,0
2022/09/20 9:05:01 pm GMT-5,Wine,3,Occasionally,No,Introvert,1,Visual (learn best through images or graphic organizers),"Left-brained (logic, science, critical thinking, numbers)",INFP,Facebook;Instagram;Twitter;Snapchat;TikTok,500,Netflix,30,100000,Basketball,300,8,Pretty happy,7500,13,j,3,0,Even,February,Fall,South campus,Social Sciences / Education,2,4.3,3.6,21,70,,,Senior,1,0,0,1,1,Right,0,Male,Midwest,No affiliation,0,1,0,0
2022/09/20 10:14:22 pm GMT-5,Hard liquor/Mixed drink,2,No,Yes,Introvert,0,Auditory (learn best through listening/speaking),"Left-brained (logic, science, critical thinking, numbers)",INTP,Instagram;Snapchat;TikTok,175,Free Online Sites,120,110000,MMA,60,8,Pretty happy,5713,23,C,3,0,Odd,February,Summer,Neither,Math / Statistics / Computer Science,2,3.94,3.71,20,73,69,67,Junior,1,1,0,0,1,Both,1,Male,Northeast,Independent,0,1,0,1
2022/09/20 10:21:13 pm GMT-5,Hard liquor/Mixed drink,15,Occasionally,No,Extrovert,0,Visual (learn best through images or graphic organizers),"Left-brained (logic, science, critical thinking, numbers)",Unknown,Instagram;TikTok,1200,Netflix;Hulu,25,100000,tennis,0,6,Pretty happy,7000,5,E,3,0,Odd,March,Spring,South campus,Math / Statistics / Computer Science,2,4,3.6,21,66,,,Junior,1,1,0,0,1,Right,0,Female,International,No affiliation,1,1,1,1
2022/09/20 11:38:17 pm GMT-5,Hard liquor/Mixed drink,3,No,No,Introvert,0,Visual (learn best through images or graphic organizers),"Left-brained (logic, science, critical thinking, numbers)",ISFJ,Instagram;Twitter,269,Netflix;Amazon Prime;HBO Max;Disney+,33,,football,250,7,Pretty happy,4630,13,D,5,0,Even,July,Fall,Neither,Humanities / Communications,3,5,3.96,22,69,69,65,Senior,0,3,0,1,1,Right,1,Male,Southeast,Independent,1,0,0,0
2022/09/21 2:49:59 am GMT-5,Hard liquor/Mixed drink,4,No,Occasionally,Extrovert,0,Reading/Writing (learn best through words often note-taking or reading),"Left-brained (logic, science, critical thinking, numbers)",INFJ,Facebook;Instagram;Twitter;Snapchat,1800,Netflix;Hulu;Amazon Prime;HBO Max;Disney+,27,65000,Football,180,5,Pretty happy,4300,17,P,4,0,Even,September,Summer,Neither,Humanities / Communications;Math / Statistics / Computer Science,3,4.5,3.7,20,62,68,63,Junior,1,3,0,1,1,Right,1,Female,Midwest,Independent,0,1,0,0
2022/09/21 9:04:42 am GMT-5,I don't drink,2,No,No,Introvert,0,Auditory (learn best through listening/speaking),"Right-brained (creative, art, imaginative, intuitive)",ENFJ,Instagram,918,Netflix;Disney+,28,50000,swimming,540,7,Don't know,,2,L,,0,Odd,October,Summer,South campus,Math / Statistics / Computer Science;Music,4,4.35,3.96,20,69,66,59,Junior,0,1,0,0,1,Right,1,Male,Northeast,Independent,0,1,0,0
2022/09/21 10:43:30 am GMT-5,I don't drink,0,No,No,Introvert,0,Kinesthetic (learn best through figuring out hands-on problems),"Left-brained (logic, science, critical thinking, numbers)",ISFJ,Facebook;Instagram;TikTok,855,Netflix,32,80000,Dance,30,7,Pretty happy,7332,5,A,2,0,Even,September,Fall,Neither,Physical Sciences / Natural Sciences / Engineering,3,99.396,3.762,19,62,68,64,Junior,1,4,0,1,1,Both,1,Female,Southeast,Democrat,0,1,0,0
2022/09/21 10:56:00 am GMT-5,Wine,2,Yes,Yes,Extrovert,0,Kinesthetic (learn best through figuring out hands-on problems),"Right-brained (creative, art, imaginative, intuitive)",ESTJ,Facebook;Instagram;Twitter;Snapchat;TikTok,3500,Netflix;Hulu;Amazon Prime;HBO Max;Disney+,30,30000,hockey,210,7,Not too happy,11000,13,H,5,0,Even,December,Spring,South campus,Humanities / Communications,3,3.8,3.6,20,66,71,64,Sophomore,1,7,0,1,1,Right,0,Female,International,Democrat,0,1,0,0
2022/09/21 11:53:33 am GMT-5,Wine,2,No,No,Extrovert,1,Kinesthetic (learn best through figuring out hands-on problems),"Right-brained (creative, art, imaginative, intuitive)",ENTJ,Instagram;TikTok,900,Netflix;HBO Max,26,120000,Golf,2,10,Pretty happy,20000,8,E,8,1,Even,January,Spring,South campus,Humanities / Communications;Social Sciences / Education,3,4,3.65,20,,,,Junior,1,3,0,1,1,Right,0,Female,International,Democrat,0,1,0,1
2022/09/21 12:08:03 pm GMT-5,Beer,3,No,No,Extrovert,0,Reading/Writing (learn best through words often note-taking or reading),"Left-brained (logic, science, critical thinking, numbers)",ENFP,Instagram,600,Netflix;Amazon Prime,30,80000,Boxing,90,8,Pretty happy,7798,2,Y,6,1,Even,March,Spring,Neither,Humanities / Communications;Math / Statistics / Computer Science,2,,3.93,20,64,68,61,Junior,1,3,0,1,1,Right,0,Female,International,Other,0,1,0,0
2022/09/21 12:14:45 pm GMT-5,Beer,8,Occasionally,Yes,Introvert,0,Reading/Writing (learn best through words often note-taking or reading),"Left-brained (logic, science, critical thinking, numbers)",INTJ,Facebook;Instagram;Twitter,1200,Netflix;Hulu,30,85000,Basketball,120,7,Pretty happy,8270,21,V,4,0,Even,May,Summer,Neither,Social Sciences / Education,3,4,3.8,21,69,71,66,Junior,1,3,0,1,1,Right,1,Male,Northeast,Democrat,0,1,0,0
2022/09/21 12:47:29 pm GMT-5,Hard liquor/Mixed drink,4,No,Occasionally,Introvert,0,Kinesthetic (learn best through figuring out hands-on problems),"Left-brained (logic, science, critical thinking, numbers)",ISFP,Instagram;TikTok,1900,Netflix;Hulu;Amazon Prime;HBO Max;Disney+,28,130000,soccer,180,7,Pretty happy,10046,8,A,3,0,Even,August,Fall,Neither,Social Sciences / Education;Math / Statistics / Computer Science,2,,3.76,21,64,69,65,Senior,1,4,0,0,1,Right,0,Female,International,No affiliation,0,1,0,0
2022/09/21 12:47:48 pm GMT-5,Hard liquor/Mixed drink,8,No,Occasionally,Extrovert,0,Reading/Writing (learn best through words often note-taking or reading),"Left-brained (logic, science, critical thinking, numbers)",ESTJ,Instagram;Snapchat;TikTok,2000,Netflix;Hulu;HBO Max,27,90000,track,240,7,Pretty happy,6825,12,a,10,0,Even,May,Fall,North campus,Social Sciences / Education;Math / Statistics / Computer Science,2,,3.9,20,65,71,63,Junior,0,4,0,1,1,Right,1,Female,Northeast,Democrat,0,1,1,1
2022/09/21 12:53:39 pm GMT-5,I don't drink,4,No,No,Extrovert,1,Kinesthetic (learn best through figuring out hands-on problems),"Left-brained (logic, science, critical thinking, numbers)",ESTJ,Instagram;Snapchat,1000,Netflix;Hulu;Amazon Prime;HBO Max;Disney+,27,90000,crew,540,7,Pretty happy,8509,123,K,2,0,Even,January,Winter,South campus,Humanities / Communications;Math / Statistics / Computer Science,3,4,3.8,19,,,,Sophomore,0,5,0,0,1,Right,1,Male,Northeast,Independent,1,0,1,1
2022/09/21 12:59:53 pm GMT-5,Hard liquor/Mixed drink,20,No,Occasionally,Extrovert,0,Kinesthetic (learn best through figuring out hands-on problems),"Left-brained (logic, science, critical thinking, numbers)",INTP,Instagram;Snapchat;TikTok,1800,Netflix;Hulu;Amazon Prime;HBO Max,27,80000,running ,400,7,Very happy,11000,6,c,5,1,Odd,February,Fall,North campus,Humanities / Communications;Math / Statistics / Computer Science,3,4,3.7,19,69,73,62,Sophomore,1,3,0,0,0,Right,0,Female,International,Other,0,1,1,0
2022/09/21 1:02:09 pm GMT-5,Wine,3,No,No,Extrovert,1,Auditory (learn best through listening/speaking),"Left-brained (logic, science, critical thinking, numbers)",Unknown,Facebook;Instagram;Twitter,1100,Netflix;Amazon Prime;Disney+,27,100000,Tennis,120,8,Pretty happy,,4,T,2,0,Odd,September,Fall,Neither,Social Sciences / Education,3,4,3.7,22,,,,Senior,0,2,0,0,1,Right,0,Female,International,No affiliation,0,1,0,0
2022/09/21 1:03:11 pm GMT-5,Hard liquor/Mixed drink,1,No,No,Introvert,0,Reading/Writing (learn best through words often note-taking or reading),"Left-brained (logic, science, critical thinking, numbers)",INFJ,Facebook;Instagram;Twitter;TikTok,885,Netflix;HBO Max,27,130000,tennis,150,7,Pretty happy,5901,8,W,3,0,Even,November,Fall,South campus,Humanities / Communications;Math / Statistics / Computer Science,3,3.9,3.9,19,67,66,64,Junior,0,4,0,1,1,Right,1,Female,West,No affiliation,0,1,0,1
2022/09/21 1:04:19 pm GMT-5,Hard liquor/Mixed drink,10,No,Occasionally,Extrovert,1,Auditory (learn best through listening/speaking),"Right-brained (creative, art, imaginative, intuitive)",ENFP,Instagram;Snapchat,2000,Netflix;Hulu;HBO Max,27,70000,lacrosse,,7,Pretty happy,4109,23,A,6,0,Odd,April,Fall,North campus,Social Sciences / Education;Math / Statistics / Computer Science,2,4,3.9,19,64,67,63,Sophomore,0,4,0,1,1,Left,1,Female,Southeast,Democrat,0,1,0,0
2022/09/21 1:04:27 pm GMT-5,Hard liquor/Mixed drink,4,No,Occasionally,Introvert,0,Kinesthetic (learn best through figuring out hands-on problems),"Right-brained (creative, art, imaginative, intuitive)",INTJ,Instagram;Snapchat,700,Netflix;Disney+,28,80000,Swimming,180,8,Pretty happy,10841,12,J,6,0,Odd,April,Spring,South campus,Humanities / Communications,3,4.33,3.85,19,70,72,62,Sophomore,1,4,0,0,1,Right,0,Male,International,Independent,0,1,0,0
2022/09/21 1:05:28 pm GMT-5,I don't drink,0,No,No,Introvert,0,Visual (learn best through images or graphic organizers),"Left-brained (logic, science, critical thinking, numbers)",INTP,Instagram;Snapchat,150,Netflix,30,80000,tennis,200,7,Don't know,7000,420,f,4,1,Odd,November,Fall,Neither,Physical Sciences / Natural Sciences / Engineering;Math / Statistics / Computer Science,2,4,3.7,21,71,68,65,Senior,1,3,0,1,1,Right,1,Male,Northeast,Independent,0,1,0,0
2022/09/21 1:06:14 pm GMT-5,Hard liquor/Mixed drink,2,Occasionally,Yes,Extrovert,0,Auditory (learn best through listening/speaking),"Right-brained (creative, art, imaginative, intuitive)",ENFJ,Facebook;Instagram;Twitter;Snapchat;TikTok,800,Netflix;Hulu;Amazon Prime;HBO Max,30,250000,Basketball,180,7,Pretty happy,2000,5,A,4,0,Even,January,Fall,Neither,Social Sciences / Education;Math / Statistics / Computer Science,2,,,,,69,63,Other,1,0,0,0,1,Right,1,Male,Midwest,Other,0,1,0,0
2022/09/21 1:06:20 pm GMT-5,I don't drink,5,No,No,Introvert,0,Auditory (learn best through listening/speaking),"Left-brained (logic, science, critical thinking, numbers)",INTJ,Facebook;Instagram;Snapchat,550,Netflix,30,75000,basketball,30,7,Pretty happy,12678,27,K,3,0,Even,August,Fall,South campus,Humanities / Communications;Social Sciences / Education,3,4,3.98,19,68,67,59,Sophomore,1,2,0,0,1,Right,1,Male,Northeast,No affiliation,0,1,0,0
2022/09/21 1:06:40 pm GMT-5,Hard liquor/Mixed drink,15,Yes,Yes,Extrovert,0,Visual (learn best through images or graphic organizers),"Left-brained (logic, science, critical thinking, numbers)",INTJ,Facebook;Instagram;Snapchat;TikTok,1500,Netflix;Hulu;Amazon Prime;HBO Max;Disney+,28,100000,basketball,60,7,Very happy,8290,18,J,3,0,Even,May,Fall,South campus,Humanities / Communications;Social Sciences / Education,3,4.6,3.8,19,65,69,62,Sophomore,0,3,0,1,0,Right,1,Female,West,Democrat,0,0,0,1
2022/09/21 1:15:24 pm GMT-5,Hard liquor/Mixed drink,2,Yes,Yes,Introvert,1,Kinesthetic (learn best through figuring out hands-on problems),"Left-brained (logic, science, critical thinking, numbers)",ISTJ,Facebook;Instagram;Snapchat,1200,Netflix;Disney+,30,120000,Basketball,300,7,Pretty happy,6500,15,v,6,0,Odd,March,Spring,South campus,Math / Statistics / Computer Science,3,4.12,3.82,20,72,70,67,Junior,0,3,0,0,1,Right,0,Male,International,Republican,0,1,0,1
2022/09/21 1:32:36 pm GMT-5,Hard liquor/Mixed drink,7,No,Yes,Extrovert,0,Kinesthetic (learn best through figuring out hands-on problems),"Right-brained (creative, art, imaginative, intuitive)",ENFJ,Instagram;Twitter;Snapchat,2433,Netflix;Hulu;HBO Max,28,80000,volleyball,80,7,Pretty happy,7353,7,K,8,0,Even,June,Spring,South campus,Math / Statistics / Computer Science,2,3.9,3.6,19,66,71,64,Sophomore,1,3,0,0,1,Right,1,Female,Southwest,Democrat,0,1,0,0
2022/09/21 2:16:22 pm GMT-5,Hard liquor/Mixed drink,1,No,Occasionally,Introvert,0,Reading/Writing (learn best through words often note-taking or reading),"Right-brained (creative, art, imaginative, intuitive)",INFP,Instagram;Twitter,350,Netflix;Amazon Prime,30,45000,basketball,60,7,Pretty happy,3657,111,t,5,0,Odd,December,Spring,Neither,Social Sciences / Education,2,4,3.97,20,65,72,64,Junior,1,2,0,0,1,Right,1,Female,Midwest,Independent,0,0,0,0
2022/09/21 2:18:56 pm GMT-5,Wine,0,No,Occasionally,Introvert,0,Auditory (learn best through listening/speaking),"Left-brained (logic, science, critical thinking, numbers)",INFP,Facebook;Instagram;Twitter;Snapchat,370,Netflix;Disney+,30,80000,Football,210,6,Not too happy,6893,50,A,6,0,Even,June,Winter,Neither,Physical Sciences / Natural Sciences / Engineering,3,3.93,3.68,21,70,,,Senior,1,2,0,0,1,Right,1,Male,West,Independent,0,1,0,0
2022/09/21 2:42:02 pm GMT-5,Hard liquor/Mixed drink,,No,Yes,Extrovert,1,Visual (learn best through images or graphic organizers),"Left-brained (logic, science, critical thinking, numbers)",ENTP,Instagram;Twitter;Snapchat;TikTok,1500,Netflix;Hulu;HBO Max,28,130000,Tennis,315,7,Pretty happy,6000,23,X,6,0,Odd,March,Summer,Neither,Physical Sciences / Natural Sciences / Engineering;Math / Statistics / Computer Science,3,,3.7,21,71,69,,Senior,1,3,0,0,1,Right,1,Male,Southeast,No affiliation,0,1,1,0
2022/09/21 2:49:29 pm GMT-5,Hard liquor/Mixed drink,5,No,No,Extrovert,0,Visual (learn best through images or graphic organizers),"Left-brained (logic, science, critical thinking, numbers)",ESTP,Instagram;TikTok,700,Netflix;Hulu;HBO Max;Disney+,28,50000,lacrosse,360,7,Pretty happy,6500,14,A,3,0,Odd,April,Fall,South campus,Physical Sciences / Natural Sciences / Engineering,3,3.9,3.81,22,60,67,65,Senior,1,2,0,1,1,Right,0,Female,Midwest,Democrat,0,1,0,0
2022/09/21 3:17:42 pm GMT-5,Beer,7,Occasionally,No,Extrovert,0,Kinesthetic (learn best through figuring out hands-on problems),"Left-brained (logic, science, critical thinking, numbers)",Unknown,Instagram;Snapchat,1230,Netflix;Hulu;Amazon Prime,30,160000,American Football,275,7,Pretty happy,4682,7,A,4,0,Even,May,Spring,Neither,Social Sciences / Education;Math / Statistics / Computer Science,3,5.01,3.64,20,71,68,64,Junior,1,3,0,0,0,Right,1,Male,Midwest,Democrat,0,1,0,0
2022/09/21 4:08:38 pm GMT-5,Hard liquor/Mixed drink,9,No,Occasionally,Introvert,0,Visual (learn best through images or graphic organizers),"Right-brained (creative, art, imaginative, intuitive)",ESTJ,Instagram;Snapchat,1800,Netflix;Hulu,27,60000,lacrosse,200,8,Pretty happy,9000,4,S,3,0,Even,November,Fall,South campus,Social Sciences / Education,,4.8,3.98,19,67,70,67,Sophomore,1,3,0,0,1,Right,1,Female,Midwest,Democrat,0,1,0,1
2022/09/21 4:36:15 pm GMT-5,Hard liquor/Mixed drink,4,No,Occasionally,Extrovert,0,Visual (learn best through images or graphic organizers),"Right-brained (creative, art, imaginative, intuitive)",ESFJ,Facebook;Instagram;Snapchat;TikTok,1447,Netflix;Hulu;Amazon Prime;HBO Max;Disney+,30,100000,hockey,150,7,Very happy,7246,9,C,4,0,Odd,October,Spring,Neither,Social Sciences / Education;Math / Statistics / Computer Science,3,4.11,3.69,21,60,70,62,Senior,0,2,0,1,1,Right,1,Female,Northeast,Democrat,1,0,0,0
2022/09/21 4:54:56 pm GMT-5,Beer,2,No,No,Introvert,0,Kinesthetic (learn best through figuring out hands-on problems),"Right-brained (creative, art, imaginative, intuitive)",Unknown,Instagram;Twitter;Snapchat;TikTok,960,Netflix;Hulu,28,80000,soccer,180,8,Very happy,6298,19,L,5,1,Odd,December,Spring,North campus,Humanities / Communications;Social Sciences / Education;Math / Statistics / Computer Science,3,4,4,19,65,69,60,Sophomore,1,2,0,0,1,Right,1,Female,West,Democrat,0,1,0,0
2022/09/21 4:57:32 pm GMT-5,Wine,3,No,No,Introvert,0,Visual (learn best through images or graphic organizers),"Left-brained (logic, science, critical thinking, numbers)",Unknown,Instagram;Twitter;Snapchat;TikTok,950,Netflix;Hulu;Amazon Prime;HBO Max,25,70000,baseball,200,8,Pretty happy,1695,8,L,6,0,Odd,May,Fall,Neither,Social Sciences / Education;Math / Statistics / Computer Science,2,3.99,3.6,21,74,77,65,Junior,0,1,0,1,1,Right,1,Male,Midwest,Democrat,0,1,0,0
2022/09/21 5:23:36 pm GMT-5,Wine,7,No,Occasionally,Introvert,0,Visual (learn best through images or graphic organizers),"Left-brained (logic, science, critical thinking, numbers)",ISTJ,Instagram;TikTok,500,Netflix,,90000,soccer,150,8,Pretty happy,6815,6,P,100,0,Odd,December,Fall,South campus,Social Sciences / Education;Math / Statistics / Computer Science,2,3.97,3.98,19,63,68,60,Sophomore,1,2,0,1,1,Right,1,Female,Southwest,Independent,1,0,1,1
2022/09/21 5:31:26 pm GMT-5,I don't drink,0,No,No,Introvert,0,Kinesthetic (learn best through figuring out hands-on problems),"Right-brained (creative, art, imaginative, intuitive)",Unknown,Tumblr ,,Animepahe.com ,69,69000,LEAGUE OF LEGENDS,0,12,Very happy,3000,2,P,1,0,Even,July,Fall,Neither,Humanities / Communications;Math / Statistics / Computer Science,2,3.5,4,20,,,,Junior,0,0,0,1,1,Both,1,Other,West,No affiliation,0,1,0,0
2022/09/21 5:48:39 pm GMT-5,Hard liquor/Mixed drink,50,No,Occasionally,Extrovert,0,Kinesthetic (learn best through figuring out hands-on problems),"Left-brained (logic, science, critical thinking, numbers)",ENFJ,Instagram;Snapchat;TikTok,1300,Netflix;Hulu;HBO Max,28,65000,field hockey,1200,8,Pretty happy,,17,A,8,0,Even,January,Summer,Neither,Math / Statistics / Computer Science;economics,2,11.6,3.56,20,70,76,68,Junior,1,3,1,0,1,Right,1,Female,Midwest,Democrat,0,1,0,0
2022/09/21 5:57:56 pm GMT-5,Hard liquor/Mixed drink,3,No,Yes,Extrovert,1,Visual (learn best through images or graphic organizers),"Left-brained (logic, science, critical thinking, numbers)",ESTP,Instagram;Snapchat,1200,Netflix;Amazon Prime;HBO Max;hotstar,28,50000,Basketball,240,8,Pretty happy,8000,7,R,,0,Even,November,Spring,Neither,Social Sciences / Education;Math / Statistics / Computer Science,3,3.9,3.8,20,71,66,64,Junior,1,3,0,0,0,Right,0,Male,International,Republican,0,1,0,0
2022/09/21 6:06:39 pm GMT-5,I don't drink,0,No,No,Introvert,0,Visual (learn best through images or graphic organizers),"Left-brained (logic, science, critical thinking, numbers)",ISTP,Twitter,0,,33,70000,track and field,120,7,Not too happy,7700,23,Z,8,0,Odd,April,Fall,South campus,Math / Statistics / Computer Science,2,4,3.8,20,71,67,65,Junior,1,2,0,1,1,Right,1,Male,Midwest,Democrat,0,1,0,0
2022/09/21 6:32:47 pm GMT-5,Hard liquor/Mixed drink,4,No,Yes,Introvert,0,Reading/Writing (learn best through words often note-taking or reading),"Left-brained (logic, science, critical thinking, numbers)",INFP,Instagram;Twitter;Snapchat;TikTok,1000,Netflix;HBO Max,30,100000,basketball,300,8,Pretty happy,10000,7,s,5,0,Even,January,Summer,Neither,Humanities / Communications;Math / Statistics / Computer Science,4,3.92,3.917,20,70,67,64,Junior,1,3,0,1,1,Right,1,Male,West,Democrat,1,1,0,0
2022/09/21 6:36:53 pm GMT-5,Hard liquor/Mixed drink,2,No,Yes,Extrovert,0,Visual (learn best through images or graphic organizers),"Right-brained (creative, art, imaginative, intuitive)",ENTP,Instagram;Snapchat;TikTok,,Netflix;Hulu;Amazon Prime;Disney+,28,100000,basketball,360,8,Pretty happy,7770,34,k,7,0,Odd,September,Fall,South campus,Math / Statistics / Computer Science,3,4.6,3.8,19,72,71,63,Sophomore,1,3,0,1,1,Right,1,Male,West,Democrat,0,1,0,1
2022/09/21 6:40:26 pm GMT-5,Hard liquor/Mixed drink,3,No,Yes,Extrovert,0,Visual (learn best through images or graphic organizers),"Left-brained (logic, science, critical thinking, numbers)",ENTP,Instagram;Twitter;Snapchat;TikTok,800,Netflix;Amazon Prime;HBO Max;Disney+,28,90000,Underwater Basketweaving,180,7,Pretty happy,4500,420,W,6,0,Even,February,Fall,North campus,Social Sciences / Education;Math / Statistics / Computer Science,3,4,3.1,20,71,69,66,Junior,1,2,0,0,1,Right,1,Male,Southeast,Independent,0,1,0,0
2022/09/21 8:36:10 pm GMT-5,Wine,4,No,Occasionally,Extrovert,1,Kinesthetic (learn best through figuring out hands-on problems),"Left-brained (logic, science, critical thinking, numbers)",ENFP,Instagram;Snapchat,650,Netflix;Hulu;Amazon Prime;Disney+,26,35000,Soccer,240,7,Very happy,3657,49,R,1.5,0,Odd,January,Fall,North campus,Humanities / Communications;Math / Statistics / Computer Science,2,4.6,3.684,21,69,65,63,Senior,1,5,0,0,0,Right,1,Male,Midwest,Democrat,0,0,0,0
2022/09/21 10:02:00 pm GMT-5,Hard liquor/Mixed drink,6,No,Yes,Extrovert,0,Kinesthetic (learn best through figuring out hands-on problems),"Left-brained (logic, science, critical thinking, numbers)",ESFJ,Instagram;Twitter;Snapchat,1300,Netflix;Hulu;HBO Max,30,130000,Soccer,630,8,Very happy,4372,7,J,5,0,Odd,February,Fall,Neither,Physical Sciences / Natural Sciences / Engineering,3,4,3.5,21,69,73,72,Senior,0,2,0,0,0,Right,1,Male,Northeast,Democrat,0,1,0,0
2022/09/21 10:36:41 pm GMT-5,I don't drink,0,No,No,Introvert,0,Visual (learn best through images or graphic organizers),"Left-brained (logic, science, critical thinking, numbers)",ESTJ,Facebook;Instagram;Twitter;Snapchat;TikTok,2712,Netflix;Hulu;Amazon Prime;HBO Max;Disney+,26,80000,Soccer,250,8,Pretty happy,3600,63,E,3,0,Even,March,Spring,North campus,Math / Statistics / Computer Science,3,4.525,3.7,19,68,72,61,Sophomore,0,3,0,1,1,Right,1,Female,Midwest,No affiliation,0,1,0,0
2022/09/21 11:56:10 pm GMT-5,Beer,2,No,Yes,Introvert,1,Reading/Writing (learn best through words often note-taking or reading),"Right-brained (creative, art, imaginative, intuitive)",INTP,Facebook;Instagram;Snapchat;TikTok,,Netflix;Amazon Prime,27,120000,Soccer ,240,7,Pretty happy,6720,17,K,6,0,Even,April,Fall,South campus,Social Sciences / Education;Math / Statistics / Computer Science,2,3.83,3.68,19,67,66,60,Sophomore,1,3,0,0,1,Right,1,Male,Northeast,Democrat,0,1,1,1
2022/09/22 10:32:01 am GMT-5,Hard liquor/Mixed drink,4,No,Occasionally,Extrovert,0,Reading/Writing (learn best through words often note-taking or reading),"Left-brained (logic, science, critical thinking, numbers)",ENFJ,Facebook;Instagram;Snapchat;TikTok,1200,Netflix;Hulu;Amazon Prime;HBO Max;Disney+,30,35000,Swimming,5,8,Pretty happy,5000,4,K,2,0,Odd,November,Fall,North campus,Social Sciences / Education;Physical Sciences / Natural Sciences / Engineering,3,4.7,3.93,20,56,72,55,Junior,0,3,0,1,1,Right,1,Female,Northeast,Democrat,0,1,0,0
2022/09/22 1:39:28 pm GMT-5,Hard liquor/Mixed drink,1,No,No,Introvert,0,Reading/Writing (learn best through words often note-taking or reading),"Left-brained (logic, science, critical thinking, numbers)",ESTP,Facebook;Instagram;Twitter;TikTok,769,HBO Max;Disney+,25,80000,Biking,30,7,Pretty happy,8211,17,A,4,0,Odd,September,Summer,Neither,Physical Sciences / Natural Sciences / Engineering,2,3.99,3.3,20,64,68,60,Junior,1,1,0,0,1,Right,1,Female,Midwest,Democrat,0,1,0,1
2022/09/22 2:07:07 pm GMT-5,I don't drink,0,No,No,Introvert,0,Reading/Writing (learn best through words often note-taking or reading),"Left-brained (logic, science, critical thinking, numbers)",INTJ,Twitter,0,Youtube,,40000,Synchronized swimming,0,7,Not too happy,5936,3,R,5,0,Even,September,Winter,Neither,Humanities / Communications,2,4.2,3.893,20,62,,60,Junior,0,4,0,1,1,Right,1,Female,Midwest,No affiliation,0,1,0,1
2022/09/23 12:12:04 am GMT-5,I don't drink,1,No,No,Introvert,1,Visual (learn best through images or graphic organizers),"Left-brained (logic, science, critical thinking, numbers)",ISFP,Instagram,1000,Disney+,27,110000,Fencing,300,7,Pretty happy,755,8,M,8,0,Odd,October,Fall,South campus,Social Sciences / Education,4,4.5,3.8,20,166,,,Junior,1,7,0,1,1,Right,1,Female,Northeast,Democrat,0,1,0,0
2022/09/23 1:30:17 pm GMT-5,Hard liquor/Mixed drink,20,No,Occasionally,Extrovert,0,Reading/Writing (learn best through words often note-taking or reading),"Left-brained (logic, science, critical thinking, numbers)",ENFJ,Instagram;Twitter;TikTok,1400,Netflix;Hulu;Amazon Prime;HBO Max,27,100000,basketball,60,8,Pretty happy,4200,42,a,2,0,Odd,December,Spring,South campus,Math / Statistics / Computer Science,2,99,3.9,19,67,76,67,Sophomore,1,1,0,1,1,Right,0,Female,Northeast,Democrat,0,1,0,1
2022/09/24 3:32:53 pm GMT-5,Hard liquor/Mixed drink,4,No,Occasionally,Extrovert,0,Auditory (learn best through listening/speaking),"Left-brained (logic, science, critical thinking, numbers)",INFJ,Instagram;TikTok,1600,Netflix;Amazon Prime;Disney+,25,80000,Hockey,90,8,Pretty happy,6500,28,S,5,1,Even,September,Spring,South campus,Social Sciences / Education,3,4.8,3.77,20,67,72,67,Sophomore,1,4,0,1,1,Right,1,Female,Midwest,No affiliation,0,1,0,0
